issued_utc,price,1h_price,1h_est_bp,1h_p_up,1h_dir,1h_strong,1h_p_model,1h_imp_bp,1h_ens_bp,1h_lo80_bp,1h_hi80_bp,1h_actual_bp,3h_price,3h_est_bp,3h_p_up,3h_dir,3h_strong,3h_p_model,3h_imp_bp,3h_ens_bp,3h_lo80_bp,3h_hi80_bp,3h_actual_bp,24h_price,24h_est_bp,24h_p_up,24h_dir,24h_strong,24h_p_model,24h_imp_bp,24h_ens_bp,24h_lo80_bp,24h_hi80_bp,24h_actual_bp
2025-09-27T00:14,109594.43,109594.43,0.00,0.476238,down,0,0.476238,0.00,0.02,-29.4,30.1,-6.2,109594.43,0.00,0.478339,down,0,0.478339,0.00,0.01,-60.1,52.7,-13.5,109594.43,0.00,0.500000,neutral,0,0.503751,0.00,-0.03,-203.8,135.2,-2.4
2025-09-27T00:29,109590.42,109590.42,0.00,0.474418,down,0,0.474418,0.00,0.02,-29.2,29.9,-10.1,109590.42,0.00,0.481239,down,0,0.481239,0.00,0.05,-59.6,52.3,-4.4,109590.42,0.00,0.500000,neutral,0,0.503381,0.00,-0.01,-202.3,134.2,18.0
2025-09-27T00:44,109475.49,109475.49,0.00,0.481815,down,0,0.481815,0.00,0.05,-28.7,29.4,-13.3,109475.49,0.00,0.488855,down,0,0.488855,0.00,0.13,-58.5,51.5,14.6,109475.49,0.00,0.500000,neutral,0,0.513724,0.00,0.00,-198.9,132.0,17.8
2025-09-27T00:59,109649.29,109649.29,0.00,0.483001,down,0,0.483001,0.00,0.02,-28.5,29.2,-19.8,109649.29,0.00,0.489857,down,0,0.489857,0.00,0.04,-58.2,51.1,-8.7,109649.29,0.00,0.500000,neutral,0,0.502651,0.00,-0.03,-197.8,131.2,-3.8
2025-09-27T01:14,109526.5,109526.50,0.00,0.505539,up,0,0.505539,0.00,0.05,-28.3,29.1,-8.0,109526.50,0.00,0.502515,neutral,0,0.502515,0.00,0.13,-58.0,51.1,2.1,109526.50,0.00,0.500000,neutral,0,0.511398,0.00,-0.05,-197.5,130.9,-3.8
2025-09-27T01:29,109480,109480.00,0.00,0.505456,up,0,0.505456,0.00,0.07,-27.3,28.1,-12.6,109480.00,0.00,0.501190,neutral,0,0.501190,0.00,0.18,-56.2,49.6,19.6,109480.00,0.00,0.500000,neutral,0,0.512459,0.00,-0.01,-191.3,126.9,1.1
2025-09-27T01:44,109330.09,109330.09,0.00,0.509960,up,0,0.509960,0.00,0.09,-27.3,28.2,9.9,109330.09,0.00,0.511162,up,0,0.511162,0.00,0.22,-56.4,49.9,25.6,109330.09,0.00,0.500000,neutral,0,0.517500,0.00,-0.00,-192.2,127.5,8.9
2025-09-27T01:59,109431.92,109431.92,0.00,0.504256,neutral,0,0.504256,0.00,0.10,-27.0,27.8,-2.2,109431.92,0.00,0.508639,up,0,0.508639,0.00,0.19,-56.0,49.4,20.4,109431.92,0.00,0.500000,neutral,0,0.512690,0.00,-0.04,-190.7,126.5,-7.2
2025-09-27T02:14,109438.5,109438.50,0.00,0.508402,up,0,0.508402,0.00,0.05,-26.7,27.4,0.7,109438.50,0.00,0.504831,neutral,0,0.504831,0.00,0.16,-55.5,48.9,15.8,109438.50,0.00,0.500000,neutral,0,0.510132,0.00,-0.05,-188.9,125.2,-5.5
2025-09-27T02:29,109342.44,109342.44,0.00,0.512334,up,0,0.512334,0.01,0.06,-26.5,27.3,18.2,109342.44,0.00,0.510184,up,0,0.510184,0.00,0.09,-55.6,48.9,24.6,109342.44,0.00,0.500000,neutral,0,0.514744,0.00,-0.10,-189.0,125.2,13.2
2025-09-27T02:44,109438.04,109438.04,0.00,0.499142,neutral,0,0.499142,0.00,0.04,-26.1,26.8,18.1,109438.04,0.00,0.500494,neutral,0,0.500494,0.00,0.06,-54.8,48.1,19.8,109438.04,0.00,0.500000,neutral,0,0.507989,0.00,-0.11,-186.1,123.3,0.7
2025-09-27T02:59,109408.18,109408.18,0.00,0.493988,down,0,0.493988,-0.00,0.04,-25.7,26.4,13.3,109408.18,0.00,0.495177,neutral,0,0.495177,0.00,0.09,-54.2,47.7,20.8,109408.18,0.00,0.500000,neutral,0,0.513853,0.00,-0.09,-184.4,122.2,3.6
2025-09-27T03:14,109446.45,109446.45,0.00,0.488132,down,0,0.488132,-0.01,-0.00,-25.5,26.1,9.5,109446.45,0.00,0.493734,down,0,0.493734,-0.00,0.05,-53.7,47.2,12.2,109446.45,0.00,0.500000,neutral,0,0.513364,0.00,-0.09,-183.0,121.3,3.4
2025-09-27T03:29,109542.05,109542.05,0.00,0.474051,down,0,0.474051,-0.02,0.00,-25.0,25.6,13.9,109542.05,0.00,0.480767,down,0,0.480767,-0.00,0.06,-52.9,46.5,0.5,109542.05,0.00,0.500000,neutral,0,0.502169,0.00,-0.04,-180.6,119.7,-8.0
2025-09-27T03:44,109635.98,109635.98,0.00,0.481096,down,0,0.481096,-0.01,0.02,-25.1,25.7,-2.3,109635.98,0.00,0.485685,down,0,0.485685,-0.00,0.04,-53.2,46.7,-13.8,109635.98,0.00,0.500000,neutral,0,0.503522,0.00,-0.05,-181.9,120.6,-20.7
2025-09-27T03:59,109553.77,109553.77,0.00,0.496372,neutral,0,0.496372,0.00,0.02,-25.0,25.6,9.2,109553.77,0.00,0.492318,down,0,0.492318,-0.00,0.00,-53.2,46.6,-1.1,109553.77,0.00,0.500000,neutral,0,0.507166,0.00,-0.11,-182.0,120.6,-10.8
2025-09-27T04:14,109550,109550.00,0.00,0.488810,down,0,0.488810,-0.01,-0.02,-24.8,25.3,5.6,109550.00,0.00,0.488106,down,0,0.488106,-0.00,-0.05,-52.7,46.1,0.9,109550.00,0.00,0.500000,neutral,0,0.507451,0.00,-0.11,-180.7,119.7,-7.9
2025-09-27T04:29,109694.32,109694.32,0.00,0.471567,down,0,0.471567,-0.01,0.01,-24.4,25.0,-7.5,109694.32,0.00,0.478176,down,0,0.478176,-0.00,0.04,-52.1,45.7,-18.3,109694.32,0.00,0.500000,neutral,0,0.500327,0.00,-0.07,-179.0,118.6,-30.0
2025-09-27T04:44,109610.55,109610.55,0.00,0.480564,down,0,0.480564,-0.01,0.03,-24.3,24.9,4.1,109610.55,0.00,0.487999,down,0,0.487999,-0.00,0.08,-51.9,45.6,-20.6,109610.55,0.00,0.500000,neutral,0,0.507452,0.00,-0.06,-178.8,118.5,-21.7
2025-09-27T04:59,109654.99,109654.99,0.00,0.470610,down,0,0.470610,-0.01,0.03,-23.9,24.6,-1.8,109654.99,0.00,0.482847,down,0,0.482847,-0.01,0.06,-51.3,45.1,-22.3,109654.99,0.00,0.500000,neutral,0,0.502726,0.00,-0.06,-177.1,117.4,-26.4
2025-09-27T05:14,109611.04,109611.04,0.00,0.476391,down,0,0.476391,-0.01,0.03,-23.7,24.3,-2.8,109611.04,0.00,0.485448,down,0,0.485448,-0.01,-0.00,-50.9,44.6,-29.5,109611.04,0.00,0.500000,neutral,0,0.507269,0.00,-0.12,-175.9,116.5,-23.3
2025-09-27T05:29,109612.3,109612.30,0.00,0.476990,down,0,0.476990,-0.01,0.06,-23.3,24.0,-5.9,109612.30,0.00,0.486856,down,0,0.486856,-0.01,0.02,-50.3,44.1,-23.2,109612.30,0.00,0.500000,neutral,0,0.508276,0.00,-0.24,-174.5,115.4,-19.7
2025-09-27T05:44,109655.2,109655.20,0.00,0.468991,down,0,0.468991,-0.01,0.05,-22.9,23.5,-15.5,109655.20,0.00,0.478397,down,0,0.478397,-0.01,0.07,-49.3,43.3,-31.1,109655.20,0.00,0.500000,neutral,0,0.501085,0.00,-0.21,-171.5,113.4,-27.3
2025-09-27T05:59,109635.72,109635.72,0.00,0.467734,down,0,0.467734,-0.01,0.06,-22.7,23.3,-8.6,109635.72,0.00,0.482676,down,0,0.482676,-0.01,0.08,-49.0,43.1,-35.1,109635.72,0.00,0.500000,neutral,0,0.500023,0.00,-0.19,-170.9,113.1,-25.5
2025-09-27T06:14,109579.97,109579.97,0.00,0.472909,down,0,0.472909,-0.01,0.05,-22.6,23.3,-1.8,109579.97,0.00,0.484139,down,0,0.484139,-0.01,0.10,-49.0,43.1,-37.3,109579.97,0.00,0.500000,neutral,0,0.504428,0.00,-0.18,-171.2,113.3,-18.0
2025-09-27T06:29,109547.53,109547.53,0.00,0.480622,down,0,0.480622,-0.01,0.05,-22.2,22.9,-4.9,109547.53,0.00,0.488975,down,0,0.488975,-0.01,0.07,-48.2,42.4,-42.4,109547.53,0.00,0.500000,neutral,0,0.507653,0.00,-0.20,-168.8,111.6,-24.5
2025-09-27T06:44,109484.9,109484.90,0.00,0.487286,down,0,0.487286,-0.01,0.08,-22.0,22.6,-9.1,109484.90,0.00,0.502124,neutral,0,0.502124,0.00,0.19,-47.7,42.2,-19.1,109484.90,0.00,0.500000,neutral,0,0.514123,0.00,-0.19,-167.7,110.9,-4.3
2025-09-27T06:59,109541.36,109541.36,0.00,0.470742,down,0,0.470742,-0.02,0.06,-21.8,22.5,-11.9,109541.36,0.00,0.483225,down,0,0.483225,-0.01,0.11,-47.5,41.8,-22.7,109541.36,0.00,0.500000,neutral,0,0.507924,0.00,-0.17,-167.0,110.5,-12.0
2025-09-27T07:14,109559.99,109559.99,0.00,0.477547,down,0,0.477547,-0.02,0.05,-21.5,22.2,-24.9,109559.99,0.00,0.489966,down,0,0.489966,-0.01,0.09,-47.0,41.4,-24.4,109559.99,0.00,0.500000,neutral,0,0.503490,0.00,-0.17,-165.6,109.6,-17.0
2025-09-27T07:29,109494.19,109494.19,0.00,0.484657,down,0,0.484657,-0.01,0.07,-21.5,22.1,-12.5,109494.19,0.00,0.495967,neutral,0,0.495967,0.00,0.16,-46.9,41.4,-19.2,109494.19,0.00,0.500000,neutral,0,0.511830,0.00,-0.13,-165.7,109.7,-3.3
2025-09-27T07:44,109385.52,109385.52,0.00,0.487313,down,0,0.487313,-0.01,0.06,-21.3,21.9,-6.5,109385.52,0.00,0.497244,neutral,0,0.497244,0.00,0.16,-46.5,41.1,1.5,109385.52,0.00,0.500000,neutral,0,0.514630,0.00,-0.16,-164.7,109.0,7.0
2025-09-27T07:59,109411.2,109411.20,0.00,0.497945,neutral,0,0.497945,0.00,0.07,-21.2,21.9,-14.6,109411.20,0.00,0.507271,up,0,0.507271,0.01,0.15,-46.6,41.1,1.9,109411.20,0.00,0.500000,neutral,0,0.515608,0.00,-0.20,-165.3,109.3,9.3
2025-09-27T08:14,109287.63,109287.63,0.00,0.505965,up,0,0.505965,0.01,0.08,-21.9,22.6,-10.6,109287.63,0.00,0.515405,up,0,0.515405,0.02,0.15,-47.2,41.7,4.3,109287.63,0.00,0.500000,neutral,0,0.525182,0.00,-0.25,-167.9,110.9,20.1
2025-09-27T08:29,109357.91,109357.91,0.00,0.490874,down,0,0.490874,-0.01,0.06,-21.7,22.4,-25.1,109357.91,0.00,0.503365,neutral,0,0.503365,0.00,0.20,-46.9,41.5,-1.9,109357.91,0.00,0.500000,neutral,0,0.516224,0.00,-0.20,-167.1,110.5,15.2
2025-09-27T08:44,109314.56,109314.56,0.00,0.502359,neutral,0,0.502359,0.00,0.06,-21.4,22.0,-3.5,109314.56,0.00,0.502952,neutral,0,0.502952,0.00,0.12,-46.3,40.8,-1.9,109314.56,0.00,0.500000,neutral,0,0.519420,0.00,-0.23,-165.2,109.2,18.9
2025-09-27T08:59,109252.01,109252.01,0.00,0.504643,neutral,0,0.504643,0.00,0.08,-21.3,22.0,3.7,109252.01,0.00,0.506194,up,0,0.506194,0.02,0.14,-46.2,40.8,5.3,109252.01,0.00,0.500000,neutral,0,0.525708,0.00,-0.22,-165.2,109.2,23.6
2025-09-27T09:14,109172.07,109172.07,0.00,0.506094,up,0,0.506094,0.01,0.05,-21.0,21.6,11.1,109172.07,0.00,0.514685,up,0,0.514685,0.04,0.12,-45.7,40.3,8.3,109172.07,0.00,0.500000,neutral,0,0.527756,0.00,-0.21,-163.7,108.2,17.6
2025-09-27T09:29,109083.66,109083.66,0.00,0.515051,up,0,0.515051,0.02,0.10,-21.3,22.1,18.3,109083.66,0.00,0.519787,up,0,0.519787,0.06,0.17,-45.6,40.3,15.9,109083.66,0.00,0.500000,neutral,0,0.530526,0.00,-0.21,-163.7,108.3,33.5
2025-09-27T09:44,109276.27,109276.27,0.00,0.497057,neutral,0,0.497057,0.00,0.05,-21.8,22.5,11.5,109276.27,0.00,0.504532,neutral,0,0.504532,0.00,0.20,-46.6,41.2,11.4,109276.27,0.00,0.500000,neutral,0,0.513637,0.00,-0.18,-167.9,111.1,25.9
2025-09-27T09:59,109292.73,109292.73,0.00,0.492108,down,0,0.492108,-0.01,0.05,-21.8,22.4,12.7,109292.73,0.00,0.501585,neutral,0,0.501585,0.00,0.18,-46.6,41.2,9.8,109292.73,0.00,0.500000,neutral,0,0.512174,0.00,-0.16,-168.0,111.2,20.7
2025-09-27T10:14,109293.26,109293.26,0.00,0.484832,down,0,0.484832,-0.02,0.04,-21.4,22.0,3.8,109293.26,0.00,0.495144,neutral,0,0.495144,0.00,0.12,-45.9,40.5,0.6,109293.26,0.00,0.500000,neutral,0,0.510703,0.00,-0.18,-165.6,109.6,14.9
2025-09-27T10:29,109283.97,109283.97,0.00,0.480809,down,0,0.480809,-0.03,0.02,-21.1,21.7,4.9,109283.97,0.00,0.490488,down,0,0.490488,-0.03,0.13,-45.4,40.0,6.9,109283.97,0.00,0.500000,neutral,0,0.510779,0.00,-0.17,-164.2,108.6,14.4
2025-09-27T10:44,109402.39,109402.39,0.00,0.468297,down,0,0.468297,-0.05,-0.00,-20.8,21.3,-9.9,109402.39,0.00,0.484737,down,0,0.484737,-0.05,0.10,-44.7,39.4,-4.8,109402.39,0.00,0.500000,neutral,0,0.501987,0.00,-0.18,-162.0,107.2,-1.2
2025-09-27T10:59,109431.7,109431.70,0.00,0.468673,down,0,0.468673,-0.05,0.02,-20.6,21.2,-11.1,109431.70,0.00,0.482238,down,0,0.482238,-0.06,0.10,-44.5,39.2,-11.4,109431.70,0.00,0.500000,neutral,0,0.505842,0.00,-0.18,-161.6,106.9,-5.8
2025-09-27T11:14,109335.01,109335.01,0.00,0.472259,down,0,0.472259,-0.04,0.03,-20.7,21.2,-6.6,109335.01,0.00,0.491155,down,0,0.491155,-0.03,0.12,-44.7,39.4,1.6,109335.01,0.00,0.500000,neutral,0,0.513996,0.00,-0.02,-162.4,107.7,-1.1
2025-09-27T11:29,109337.3,109337.30,0.00,0.474206,down,0,0.474206,-0.04,0.02,-20.6,21.2,-7.3,109337.30,0.00,0.495303,neutral,0,0.495303,0.00,0.11,-44.7,39.4,-2.2,109337.30,0.00,0.500000,neutral,0,0.512786,0.00,-0.02,-162.8,108.0,-6.0
2025-09-27T11:44,109293.66,109293.66,0.00,0.492701,down,0,0.492701,-0.01,0.07,-20.1,20.7,9.8,109293.66,0.00,0.503722,neutral,0,0.503722,0.00,0.14,-43.6,38.5,-0.2,109293.66,0.00,0.500000,neutral,0,0.524053,0.00,-0.01,-159.3,105.7,0.3
2025-09-27T11:59,109310.21,109310.21,0.00,0.486562,down,0,0.486562,-0.02,0.07,-19.8,20.4,8.2,109310.21,0.00,0.502288,neutral,0,0.502288,0.00,0.14,-43.2,38.1,-2.0,109310.21,0.00,0.500000,neutral,0,0.522022,0.00,-0.01,-158.0,104.8,5.4
2025-09-27T12:14,109262.7,109262.70,0.00,0.484017,down,0,0.484017,-0.03,0.07,-19.5,20.2,3.4,109262.70,0.00,0.501424,neutral,0,0.501424,0.00,0.15,-42.6,37.6,-3.5,109262.70,0.00,0.500000,neutral,0,0.522168,0.00,-0.01,-156.3,103.7,15.1
2025-09-27T12:29,109257.18,109257.18,0.00,0.485542,down,0,0.485542,-0.03,0.07,-19.3,19.9,9.3,109257.18,0.00,0.500386,neutral,0,0.500386,0.00,0.14,-42.2,37.2,0.5,109257.18,0.00,0.500000,neutral,0,0.522054,0.00,-0.01,-155.0,102.8,15.8
2025-09-27T12:44,109401.01,109401.01,0.00,0.488619,down,0,0.488619,-0.02,0.04,-20.1,20.6,-4.7,109401.01,0.00,0.496814,neutral,0,0.496814,0.00,0.14,-43.9,38.8,-6.2,109401.01,0.00,0.500000,neutral,0,0.512100,0.00,-0.06,-161.7,107.2,-14.5
2025-09-27T12:59,109400.05,109400.05,0.00,0.489268,down,0,0.489268,-0.02,0.01,-20.2,20.8,-8.5,109400.05,0.00,0.497543,neutral,0,0.497543,0.00,0.12,-44.3,39.1,0.2,109400.05,0.00,0.500000,neutral,0,0.505408,0.00,-0.03,-163.5,108.4,-7.8
2025-09-27T13:14,109299.64,109299.64,0.00,0.488493,down,0,0.488493,-0.02,0.03,-20.1,20.7,4.9,109299.64,0.00,0.498464,neutral,0,0.498464,0.00,0.13,-44.2,39.0,4.2,109299.64,0.00,0.500000,neutral,0,0.515782,0.00,-0.02,-163.4,108.4,10.1
2025-09-27T13:29,109359.26,109359.26,0.00,0.481988,down,0,0.481988,-0.03,0.01,-20.0,20.6,-4.2,109359.26,0.00,0.493289,down,0,0.493289,-0.02,0.12,-44.1,38.9,2.2,109359.26,0.00,0.500000,neutral,0,0.508704,0.00,-0.02,-163.2,108.2,10.7
2025-09-27T13:44,109349.99,109349.99,0.00,0.496393,neutral,0,0.496393,0.00,0.03,-18.9,19.5,-5.3,109349.99,0.00,0.502223,neutral,0,0.502223,0.00,0.15,-41.7,36.8,1.9,109349.99,0.00,0.500000,neutral,0,0.514095,0.00,-0.02,-154.9,102.7,22.4
2025-09-27T13:59,109306.61,109306.61,0.00,0.502698,neutral,0,0.502698,0.00,0.07,-18.5,19.1,-1.7,109306.61,0.00,0.511217,up,0,0.511217,0.04,0.10,-40.9,36.1,7.5,109306.61,0.00,0.500000,neutral,0,0.526976,0.00,-0.07,-152.1,100.8,30.4
2025-09-27T14:14,109353,109353.00,0.00,0.490408,down,0,0.490408,-0.02,0.04,-18.2,18.8,-11.7,109353.00,0.00,0.496386,neutral,0,0.496386,0.00,0.12,-40.4,35.6,-2.5,109353.00,0.00,0.500000,neutral,0,0.515698,0.00,-0.02,-150.4,99.7,16.7
2025-09-27T14:29,109312.87,109312.87,0.00,0.489869,down,0,0.489869,-0.02,0.07,-17.9,18.5,-4.6,109312.87,0.00,0.505589,up,0,0.505589,0.02,0.15,-39.8,35.1,-0.5,109312.87,0.00,0.500000,neutral,0,0.525349,0.00,-0.02,-148.6,98.5,36.8
2025-09-27T14:44,109291.99,109291.99,0.00,0.493162,down,0,0.493162,-0.01,0.08,-17.7,18.3,3.8,109291.99,0.00,0.508071,up,0,0.508071,0.03,0.16,-39.4,34.8,3.8,109291.99,0.00,0.500000,neutral,0,0.527194,0.00,-0.02,-147.4,97.8,36.2
2025-09-27T14:59,109287.89,109287.89,0.00,0.493478,down,0,0.493478,-0.01,0.07,-17.6,18.2,10.5,109287.89,0.00,0.510505,up,0,0.510505,0.04,0.16,-39.3,34.7,8.7,109287.89,0.00,0.500000,neutral,0,0.525307,0.00,-0.02,-147.4,97.7,51.3
2025-09-27T15:14,109224.64,109224.64,0.00,0.505462,up,0,0.505462,0.01,0.09,-17.5,18.1,11.1,109224.64,0.00,0.520749,up,0,0.520749,0.07,0.18,-39.1,34.6,16.7,109224.64,0.00,0.500000,neutral,0,0.533199,0.00,-0.02,-147.0,97.5,49.6
2025-09-27T15:29,109263.11,109263.11,0.00,0.507598,up,0,0.507598,0.01,0.09,-17.3,17.9,10.9,109263.11,0.00,0.520118,up,0,0.520118,0.07,0.18,-38.7,34.3,14.0,109263.11,0.00,0.500000,neutral,0,0.525483,0.00,-0.04,-146.0,96.8,58.1
2025-09-27T15:44,109332.99,109332.99,0.00,0.503453,neutral,0,0.503453,0.00,0.05,-17.4,17.9,3.5,109332.99,0.00,0.513860,up,0,0.513860,0.05,0.15,-38.9,34.4,4.6,109332.99,0.00,0.500000,neutral,0,0.521508,0.00,-0.03,-146.9,97.4,54.5
2025-09-27T15:59,109402.24,109402.24,0.00,0.495308,neutral,0,0.495308,0.00,0.04,-17.3,17.8,-1.2,109402.24,0.00,0.507461,up,0,0.507461,0.03,0.11,-38.8,34.3,3.0,109402.24,0.00,0.500000,neutral,0,0.515964,0.00,-0.03,-146.7,97.3,57.9
2025-09-27T16:14,109346,109346.00,0.00,0.510297,up,0,0.510297,0.02,0.03,-17.1,17.5,-1.9,109346.00,0.00,0.510001,up,0,0.510001,0.03,0.04,-38.5,33.8,7.4,109346.00,0.00,0.500000,neutral,0,0.521722,0.00,-0.10,-145.3,96.3,77.4
2025-09-27T16:29,109382.81,109382.81,0.00,0.505460,up,0,0.505460,0.01,0.00,-17.0,17.4,-6.9,109382.81,0.00,0.512367,up,0,0.512367,0.04,0.06,-38.2,33.6,3.2,109382.81,0.00,0.500000,neutral,0,0.521361,0.00,-0.10,-144.8,95.9,69.9
2025-09-27T16:44,109370.73,109370.73,0.00,0.515687,up,0,0.515687,0.02,0.02,-16.6,17.0,-3.4,109370.73,0.00,0.510504,up,0,0.510504,0.03,0.03,-37.6,33.0,2.3,109370.73,0.00,0.500000,neutral,0,0.523084,0.00,-0.10,-142.5,94.4,71.6
2025-09-27T16:59,109389.04,109389.04,0.00,0.509759,up,0,0.509759,0.02,0.01,-16.5,16.9,-0.6,109389.04,0.00,0.514655,up,0,0.514655,0.05,-0.00,-37.4,32.7,3.2,109389.04,0.00,0.500000,neutral,0,0.523205,0.00,-0.10,-141.9,94.0,75.9
2025-09-27T17:14,109325.21,109325.21,0.00,0.524120,up,0,0.524120,0.04,0.10,-16.5,17.1,7.5,109325.21,0.00,0.524760,up,0,0.524760,0.08,0.34,-37.4,33.4,6.3,109325.21,0.00,0.500000,neutral,0,0.530217,0.00,-0.09,-143.4,95.0,91.7
2025-09-27T17:29,109307.61,109307.61,0.00,0.529532,up,0,0.529532,0.05,0.14,-16.4,17.1,10.0,109307.61,0.00,0.536203,up,0,0.536203,0.12,0.39,-37.3,33.4,5.6,109307.61,0.00,0.500000,neutral,0,0.531808,0.00,-0.02,-143.6,95.3,81.6
2025-09-27T17:44,109333.32,109333.32,0.00,0.521625,up,0,0.521625,0.03,0.11,-16.5,17.1,4.6,109333.32,0.00,0.535442,up,0,0.535442,0.12,0.36,-37.4,33.5,5.4,109333.32,0.00,0.500000,neutral,0,0.528608,0.00,0.04,-144.2,95.7,90.9
2025-09-27T17:59,109382.47,109382.47,0.00,0.525272,up,0,0.525272,0.04,0.12,-16.5,17.1,4.8,109382.47,0.00,0.536228,up,0,0.536228,0.12,0.34,-37.6,33.6,0.7,109382.47,0.00,0.500000,neutral,0,0.523428,0.00,0.02,-145.0,96.2,74.8
2025-09-27T18:14,109407.6,109407.60,0.00,0.528569,up,0,0.528569,0.04,0.14,-16.1,16.8,1.7,109407.60,0.00,0.536865,up,0,0.536865,0.13,0.32,-36.9,32.9,-1.7,109407.60,0.00,0.500000,neutral,0,0.520210,0.00,0.02,-142.5,94.6,63.6
2025-09-27T18:29,109416.48,109416.48,0.00,0.529031,up,0,0.529031,0.05,0.14,-15.6,16.3,0.2,109416.48,0.00,0.536104,up,0,0.536104,0.13,0.27,-35.9,31.9,0.6,109416.48,0.00,0.500000,neutral,0,0.522418,0.00,0.02,-138.8,92.1,65.7
2025-09-27T18:44,109383.48,109383.48,0.00,0.531377,up,0,0.531377,0.05,0.12,-15.2,15.8,1.1,109383.48,0.00,0.532149,up,0,0.532149,0.11,0.28,-34.8,31.0,6.1,109383.48,0.00,0.500000,neutral,0,0.527638,0.00,0.01,-135.1,89.7,73.7
2025-09-27T18:59,109434.96,109434.96,0.00,0.519576,up,0,0.519576,0.03,0.11,-14.8,15.4,-1.0,109434.96,0.00,0.520282,up,0,0.520282,0.07,0.27,-34.2,30.5,3.7,109434.96,0.00,0.500000,neutral,0,0.516195,0.00,-0.00,-132.8,88.1,78.2
2025-09-27T19:14,109426.62,109426.62,0.00,0.521786,up,0,0.521786,0.03,0.12,-14.6,15.2,-2.9,109426.62,0.00,0.522146,up,0,0.522146,0.08,0.28,-33.7,30.1,16.5,109426.62,0.00,0.500000,neutral,0,0.521177,0.00,-0.02,-131.4,87.1,63.1
2025-09-27T19:29,109418.34,109418.34,0.00,0.517099,up,0,0.517099,0.03,0.12,-14.4,15.0,-4.5,109418.34,0.00,0.518791,up,0,0.518791,0.06,0.26,-33.4,29.8,25.7,109418.34,0.00,0.500000,neutral,0,0.518020,0.00,-0.02,-130.4,86.5,83.7
2025-09-27T19:44,109395.71,109395.71,0.00,0.513606,up,0,0.513606,0.02,0.11,-14.3,14.9,-0.3,109395.71,0.00,0.515612,up,0,0.515612,0.05,0.25,-33.1,29.5,16.7,109395.71,0.00,0.500000,neutral,0,0.514216,0.00,-0.14,-129.5,85.7,85.7
2025-09-27T19:59,109424.2,109424.20,0.00,0.506890,up,0,0.506890,0.01,0.12,-14.2,14.7,-3.1,109424.20,0.00,0.516960,up,0,0.516960,0.06,0.25,-32.9,29.3,16.6,109424.20,0.00,0.500000,neutral,0,0.515477,0.00,-0.02,-128.9,85.5,83.1
2025-09-27T20:14,109394.42,109394.42,0.00,0.514206,up,0,0.514206,0.02,0.10,-14.2,14.7,-0.5,109394.42,0.00,0.516795,up,0,0.516795,0.06,0.25,-32.9,29.3,19.0,109394.42,0.00,0.500000,neutral,0,0.515155,0.00,-0.14,-129.4,85.6,93.8
2025-09-27T20:29,109369.04,109369.04,0.00,0.506195,up,0,0.506195,0.01,0.13,-14.0,14.6,4.9,109369.04,0.00,0.513407,up,0,0.513407,0.05,0.26,-32.7,29.1,16.0,109369.04,0.00,0.500000,neutral,0,0.517152,0.00,-0.01,-128.5,85.2,116.4
2025-09-27T20:44,109392.56,109392.56,0.00,0.498029,neutral,0,0.498029,0.00,0.13,-14.1,14.6,5.2,109392.56,0.00,0.509170,up,0,0.509170,0.03,0.25,-32.9,29.3,19.2,109392.56,0.00,0.500000,neutral,0,0.515216,0.00,-0.02,-129.5,85.9,140.8
2025-09-27T20:59,109390,109390.00,0.00,0.509001,up,0,0.509001,0.01,0.14,-13.9,14.6,7.8,109390.00,0.00,0.516470,up,0,0.516470,0.06,0.24,-32.7,29.1,22.4,109390.00,0.00,0.500000,neutral,0,0.516677,0.00,-0.02,-129.1,85.6,128.4
2025-09-27T21:14,109389.47,109389.47,0.00,0.507376,up,0,0.507376,0.01,0.17,-13.7,14.4,19.9,109389.47,0.00,0.517921,up,0,0.517921,0.06,0.29,-32.3,28.8,16.3,109389.47,0.00,0.500000,neutral,0,0.516539,0.00,-0.03,-127.9,84.8,133.7
2025-09-27T21:29,109423.19,109423.19,0.00,0.500944,neutral,0,0.500944,0.00,0.15,-13.6,14.2,25.3,109423.19,0.00,0.505982,up,0,0.505982,0.02,0.27,-32.0,28.6,33.3,109423.19,0.00,0.500000,neutral,0,0.512596,0.00,-0.02,-127.1,84.3,119.1
2025-09-27T21:44,109449.74,109449.74,0.00,0.478926,down,0,0.478926,-0.03,-0.07,-13.7,13.9,11.7,109449.74,0.00,0.492954,down,0,0.492954,-0.03,-0.06,-32.1,28.0,20.1,109449.74,0.00,0.500000,neutral,0,0.510846,0.00,-0.03,-126.3,83.7,112.1
2025-09-27T21:59,109474.99,109474.99,0.00,0.491530,down,0,0.491530,-0.01,0.11,-13.4,13.9,11.9,109474.99,0.00,0.497665,neutral,0,0.497665,0.00,0.21,-31.5,28.0,12.1,109474.99,0.00,0.500000,neutral,0,0.511904,0.00,-0.01,-125.4,83.2,123.4
2025-09-27T22:14,109607.83,109607.83,0.00,0.477199,down,0,0.477199,-0.03,0.12,-14.0,14.6,-0.5,109607.83,0.00,0.481517,down,0,0.481517,-0.07,0.19,-32.5,28.8,-11.3,109607.83,0.00,0.500000,neutral,0,0.501153,0.00,-0.17,-129.4,85.6,167.6
2025-09-27T22:29,109699.98,109699.98,0.00,0.463184,down,0,0.463184,-0.06,-0.11,-14.7,14.8,-14.2,109699.98,0.00,0.473197,down,0,0.473197,-0.11,-0.14,-33.3,28.9,-19.0,109699.98,0.00,0.500000,neutral,0,0.496130,0.00,-0.26,-131.7,86.9,183.0
2025-09-27T22:44,109578.07,109578.07,0.00,0.498159,neutral,0,0.498159,0.00,0.10,-14.5,15.1,2.2,109578.07,0.00,0.497789,neutral,0,0.497789,0.00,0.22,-33.1,29.4,-13.8,109578.07,0.00,0.500000,neutral,0,0.512227,0.00,-0.02,-132.5,87.8,209.7
2025-09-27T22:59,109605.62,109605.62,0.00,0.488921,down,0,0.488921,-0.02,0.09,-14.7,15.2,2.8,109605.62,0.00,0.491361,down,0,0.491361,-0.04,0.20,-33.6,29.8,-23.0,109605.62,0.00,0.500000,neutral,0,0.506918,0.00,-0.17,-134.8,89.1,210.6
2025-09-27T23:14,109602,109602.00,0.00,0.480956,down,0,0.480956,-0.03,-0.09,-14.7,14.8,-3.1,109602.00,0.00,0.489831,down,0,0.489831,-0.05,-0.09,-33.4,29.1,-20.4,109602.00,0.00,0.500000,neutral,0,0.511240,0.00,-0.08,-133.2,88.2,226.3
2025-09-27T23:29,109543.85,109543.85,0.00,0.499554,neutral,0,0.499554,0.00,0.10,-14.7,15.2,22.2,109543.85,0.00,0.514104,up,0,0.514104,0.07,0.26,-33.6,29.9,-5.2,109543.85,0.00,0.500000,neutral,0,0.520475,0.00,0.02,-135.3,89.8,231.4
2025-09-27T23:44,109602.48,109602.48,0.00,0.498076,neutral,0,0.498076,0.00,0.10,-14.5,15.1,6.2,109602.48,0.00,0.503919,neutral,0,0.503919,0.00,0.23,-33.4,29.7,-14.3,109602.48,0.00,0.500000,neutral,0,0.508890,0.00,-0.04,-134.7,89.3,238.4
2025-09-27T23:59,109635.85,109635.85,0.00,0.499275,neutral,0,0.499275,0.00,0.10,-14.4,14.9,-2.6,109635.85,0.00,0.504380,neutral,0,0.504380,0.00,0.20,-33.2,29.4,-17.2,109635.85,0.00,0.500000,neutral,0,0.508148,0.00,-0.21,-134.1,88.6,228.0
2025-09-28T00:14,109567.81,109567.81,0.00,0.511911,up,0,0.511911,0.02,0.07,-14.6,14.8,-7.6,109567.81,0.00,0.514183,up,1,0.514183,0.07,0.23,-32.8,29.8,-7.7,109567.81,0.00,0.500000,neutral,0,0.511586,0.00,0.03,-131.9,89.2,229.3
2025-09-28T00:29,109787.74,109787.74,0.00,0.473619,down,1,0.473619,-0.04,-0.13,-15.3,15.0,-27.0,109787.74,0.00,0.483383,down,1,0.483383,-0.09,-0.35,-34.0,29.8,-30.4,109787.74,0.00,0.500000,neutral,0,0.489004,0.00,-0.23,-133.7,90.0,217.2
2025-09-28T00:44,109670.01,109670.01,0.00,0.493780,down,0,0.493780,-0.01,-0.10,-16.0,15.7,-22.1,109670.01,0.00,0.501223,neutral,0,0.501223,0.00,-0.16,-35.5,31.5,-23.8,109670.01,0.00,0.500000,neutral,0,0.503304,0.00,-0.19,-140.3,94.5,215.3
2025-09-28T00:59,109607.81,109607.81,0.00,0.516366,up,1,0.516366,0.03,0.09,-16.2,16.3,-23.2,109607.81,0.00,0.512157,up,1,0.512157,0.07,0.24,-36.1,32.8,-15.7,109607.81,0.00,0.500000,neutral,0,0.512683,0.00,0.05,-144.1,97.5,239.1
2025-09-28T01:14,109484.57,109484.57,0.00,0.522161,up,1,0.522161,0.04,0.10,-16.2,16.4,-9.7,109484.57,0.00,0.525275,up,1,0.525275,0.15,0.28,-36.2,33.0,-1.9,109484.57,0.00,0.500000,neutral,0,0.519999,0.00,0.06,-145.0,98.1,248.7
2025-09-28T01:29,109491.6,109491.60,0.00,0.516441,up,1,0.516441,0.03,0.09,-16.1,16.2,-0.4,109491.60,0.00,0.527904,up,1,0.527904,0.17,0.27,-35.3,32.1,-11.5,109491.60,0.00,0.500000,neutral,0,0.523873,0.00,0.06,-141.2,95.5,230.3
2025-09-28T01:44,109427.36,109427.36,0.00,0.520591,up,1,0.520591,0.04,0.10,-15.8,16.0,1.7,109427.36,0.00,0.527404,up,1,0.527404,0.16,0.28,-34.2,31.1,-5.0,109427.36,0.00,0.500000,neutral,0,0.528021,0.00,0.04,-137.0,92.7,236.9
2025-09-28T01:59,109353.67,109353.67,0.00,0.525250,up,1,0.525250,0.05,0.12,-15.7,15.9,8.6,109353.67,0.00,0.527989,up,1,0.527989,0.16,0.29,-33.2,30.3,1.1,109353.67,0.00,0.500000,neutral,0,0.530465,0.00,0.04,-133.4,90.2,226.2
2025-09-28T02:14,109378.26,109378.26,0.00,0.521515,up,1,0.521515,0.04,0.12,-15.6,15.9,9.7,109378.26,0.00,0.522374,up,1,0.522374,0.13,0.27,-33.2,30.3,-2.0,109378.26,0.00,0.500000,neutral,0,0.523485,0.00,0.07,-133.6,90.4,221.4
2025-09-28T02:29,109487.06,109487.06,0.00,0.502210,neutral,0,0.502210,0.00,0.10,-15.6,15.8,-3.0,109487.06,0.00,0.508456,up,0,0.508456,0.05,0.23,-33.3,30.3,-8.2,109487.06,0.00,0.500000,neutral,0,0.511068,0.00,0.04,-133.9,90.6,216.7
2025-09-28T02:44,109445.66,109445.66,0.00,0.518272,up,1,0.518272,0.03,0.11,-15.5,15.6,-3.3,109445.66,0.00,0.512971,up,1,0.512971,0.07,0.22,-33.0,30.0,-8.2,109445.66,0.00,0.500000,neutral,0,0.515016,0.00,0.02,-132.8,89.7,200.3
2025-09-28T02:59,109447.55,109447.55,0.00,0.512059,up,0,0.512059,0.02,0.11,-15.5,15.6,-1.1,109447.55,0.00,0.508369,up,0,0.508369,0.05,0.22,-33.1,30.0,-8.3,109447.55,0.00,0.500000,neutral,0,0.513815,0.00,0.01,-133.2,90.0,208.2
2025-09-28T03:14,109484,109484.00,0.00,0.505553,up,0,0.505553,0.01,0.10,-15.3,15.5,-1.8,109484.00,0.00,0.503536,neutral,0,0.503536,0.00,0.17,-32.9,29.7,-9.2,109484.00,0.00,0.500000,neutral,0,0.508474,0.00,0.05,-132.2,89.4,190.4
2025-09-28T03:29,109454.65,109454.65,0.00,0.519854,up,1,0.519854,0.04,0.12,-15.0,15.2,-8.1,109454.65,0.00,0.512438,up,1,0.512438,0.07,0.23,-32.3,29.4,-16.0,109454.65,0.00,0.500000,neutral,0,0.516911,0.00,-0.03,-130.5,88.1,208.1
2025-09-28T03:44,109409.17,109409.17,0.00,0.522088,up,1,0.522088,0.04,0.11,-14.8,15.0,-3.3,109409.17,0.00,0.520362,up,1,0.520362,0.11,0.24,-31.8,28.9,2.6,109409.17,0.00,0.500000,neutral,0,0.520476,0.00,-0.03,-128.5,86.8,207.7
2025-09-28T03:59,109436,109436.00,0.00,0.514576,up,1,0.514576,0.03,0.12,-14.5,14.7,-6.4,109436.00,0.00,0.513035,up,1,0.513035,0.07,0.23,-31.3,28.4,-2.4,109436.00,0.00,0.500000,neutral,0,0.513387,0.00,-0.03,-126.6,85.5,218.9
2025-09-28T04:14,109464,109464.00,0.00,0.513145,up,0,0.513145,0.02,0.09,-14.1,14.3,-9.8,109464.00,0.00,0.509496,up,0,0.509496,0.05,0.23,-30.5,27.8,-8.3,109464.00,0.00,0.500000,neutral,0,0.511754,0.00,-0.03,-123.6,83.5,211.7
2025-09-28T04:29,109366.11,109366.11,0.00,0.520899,up,1,0.520899,0.04,0.10,-14.1,14.3,2.8,109366.11,0.00,0.526703,up,1,0.526703,0.14,0.25,-30.5,27.8,8.4,109366.11,0.00,0.500000,neutral,0,0.522412,0.00,-0.01,-123.7,83.5,221.2
2025-09-28T04:44,109373.16,109373.16,0.00,0.505163,up,0,0.505163,0.01,0.10,-14.0,14.1,-1.5,109373.16,0.00,0.508937,up,0,0.508937,0.05,0.22,-30.3,27.6,8.1,109373.16,0.00,0.500000,neutral,0,0.514845,0.00,-0.02,-123.0,83.1,226.0
2025-09-28T04:59,109365.9,109365.90,0.00,0.509972,up,0,0.509972,0.02,0.10,-13.8,14.0,-0.9,109365.90,0.00,0.515239,up,1,0.515239,0.08,0.23,-30.1,27.3,13.4,109365.90,0.00,0.500000,neutral,0,0.519278,0.00,-0.00,-122.1,82.5,221.2
2025-09-28T05:14,109356.43,109356.43,0.00,0.502517,neutral,0,0.502517,0.00,0.09,-13.7,13.9,2.4,109356.43,0.00,0.511257,up,0,0.511257,0.06,0.22,-29.9,27.2,13.8,109356.43,0.00,0.500000,neutral,0,0.519374,0.00,-0.02,-121.5,82.1,210.8
2025-09-28T05:29,109396.93,109396.93,0.00,0.495594,neutral,0,0.495594,0.00,0.08,-13.5,13.6,-10.7,109396.93,0.00,0.501389,neutral,0,0.501389,0.00,0.10,-29.5,26.6,11.7,109396.93,0.00,0.500000,neutral,0,0.508474,0.00,-0.02,-119.4,80.7,202.1
2025-09-28T05:44,109356.43,109356.43,0.00,0.503769,neutral,0,0.503769,0.00,0.12,-13.3,13.5,7.4,109356.43,0.00,0.511317,up,0,0.511317,0.05,0.22,-29.2,26.5,15.1,109356.43,0.00,0.500000,neutral,0,0.517806,0.00,0.00,-118.9,80.4,213.0
2025-09-28T05:59,109356.43,109356.43,0.00,0.501714,neutral,0,0.501714,0.00,0.12,-13.2,13.5,4.9,109356.43,0.00,0.510032,up,0,0.510032,0.05,0.22,-29.0,26.4,14.0,109356.43,0.00,0.500000,neutral,0,0.518065,0.00,0.00,-118.5,80.1,216.8
2025-09-28T06:14,109382.99,109382.99,0.00,0.503271,neutral,0,0.503271,0.00,0.11,-13.1,13.3,-0.8,109382.99,0.00,0.509038,up,0,0.509038,0.04,0.22,-28.8,26.2,-1.7,109382.99,0.00,0.500000,neutral,0,0.513151,0.00,-0.02,-117.7,79.5,210.6
2025-09-28T06:29,109280.01,109280.01,0.00,0.517915,up,1,0.517915,0.03,0.10,-13.1,13.3,16.3,109280.01,0.00,0.528396,up,1,0.528396,0.13,0.26,-28.8,26.3,15.5,109280.01,0.00,0.500000,neutral,0,0.530323,0.00,-0.02,-118.1,79.8,228.1
2025-09-28T06:44,109437.42,109437.42,0.00,0.505766,up,0,0.505766,0.01,0.08,-13.8,13.9,2.2,109437.42,0.00,0.501754,neutral,0,0.501754,0.00,0.21,-30.4,27.6,11.2,109437.42,0.00,0.500000,neutral,0,0.510570,0.00,-0.04,-124.2,83.9,208.6
2025-09-28T06:59,109410,109410.00,0.00,0.500901,neutral,0,0.500901,0.00,0.10,-13.7,13.9,9.4,109410.00,0.00,0.501707,neutral,0,0.501707,0.00,0.21,-30.2,27.5,10.0,109410.00,0.00,0.500000,neutral,0,0.515382,0.00,0.05,-123.7,83.7,201.1
2025-09-28T07:14,109373.71,109373.71,0.00,0.498912,neutral,0,0.498912,0.00,0.11,-13.6,13.8,12.2,109373.71,0.00,0.510580,up,0,0.510580,0.05,0.24,-30.2,27.5,7.5,109373.71,0.00,0.500000,neutral,0,0.516695,0.00,0.06,-123.7,83.7,204.7
2025-09-28T07:29,109458.28,109458.28,0.00,0.501916,neutral,0,0.501916,0.00,0.08,-13.9,14.1,6.0,109458.28,0.00,0.497959,neutral,0,0.497959,0.00,0.18,-30.3,27.5,-1.5,109458.28,0.00,0.500000,neutral,0,0.503639,0.00,0.04,-124.1,83.9,194.5
2025-09-28T07:44,109461.61,109461.61,0.00,0.498071,neutral,0,0.498071,0.00,-0.09,-13.5,13.3,5.5,109461.61,0.00,0.498781,neutral,0,0.498781,0.00,-0.13,-29.4,26.0,-6.6,109461.61,0.00,0.500000,neutral,0,0.505643,0.00,0.03,-119.1,80.6,205.4
2025-09-28T07:59,109513.06,109513.06,0.00,0.492103,down,0,0.492103,-0.01,-0.10,-13.6,13.4,-0.3,109513.06,0.00,0.494627,down,0,0.494627,-0.03,-0.15,-29.6,26.2,-13.2,109513.06,0.00,0.500000,neutral,0,0.500615,0.00,0.03,-120.2,81.3,212.6
2025-09-28T08:14,109507.09,109507.09,0.00,0.489633,down,0,0.489633,-0.02,-0.07,-13.5,13.4,-13.1,109507.09,0.00,0.491769,down,0,0.491769,-0.04,-0.15,-29.6,26.2,-16.8,109507.09,0.00,0.500000,neutral,0,0.503822,0.00,-0.01,-120.4,81.3,224.2
2025-09-28T08:29,109524.46,109524.46,0.00,0.487851,down,1,0.487851,-0.02,-0.10,-13.5,13.3,-6.8,109524.46,0.00,0.493426,down,0,0.493426,-0.03,-0.12,-29.4,26.1,-23.1,109524.46,0.00,0.500000,neutral,0,0.507086,0.00,0.02,-119.9,81.0,241.5
2025-09-28T08:44,109521.47,109521.47,0.00,0.488308,down,0,0.488308,-0.02,-0.09,-13.3,13.1,3.5,109521.47,0.00,0.495450,neutral,0,0.495450,0.00,-0.14,-29.1,25.8,-20.5,109521.47,0.00,0.500000,neutral,0,0.508232,0.00,-0.01,-118.7,80.2,247.0
2025-09-28T08:59,109509.91,109509.91,0.00,0.492654,down,0,0.492654,-0.01,-0.08,-13.1,12.9,0.9,109509.91,0.00,0.501014,neutral,0,0.501014,0.00,-0.13,-28.7,25.4,-12.9,109509.91,0.00,0.500000,neutral,0,0.511624,0.00,-0.01,-116.9,79.0,233.7
2025-09-28T09:14,109363.93,109363.93,0.00,0.502829,neutral,0,0.502829,0.00,-0.07,-13.2,13.1,8.4,109363.93,0.00,0.514321,up,1,0.514321,0.07,-0.11,-29.1,25.9,5.8,109363.93,0.00,0.500000,neutral,0,0.525307,0.00,-0.01,-119.1,80.4,241.6
2025-09-28T09:29,109449.49,109449.49,0.00,0.488818,down,0,0.488818,-0.02,-0.09,-13.4,13.2,-0.7,109449.49,0.00,0.499667,neutral,0,0.499667,0.00,-0.13,-29.5,26.1,-1.8,109449.49,0.00,0.500000,neutral,0,0.512522,0.00,-0.02,-120.5,81.4,245.6
2025-09-28T09:44,109559.89,109559.89,0.00,0.493615,down,0,0.493615,-0.01,-0.10,-13.8,13.5,-15.6,109559.89,0.00,0.499329,neutral,0,0.499329,0.00,-0.16,-30.4,26.9,-29.0,109559.89,0.00,0.500000,neutral,0,0.502308,0.00,0.03,-124.2,84.0,224.9
2025-09-28T09:59,109519.42,109519.42,0.00,0.500561,neutral,0,0.500561,0.00,0.06,-13.5,13.6,-13.8,109519.42,0.00,0.503083,neutral,0,0.503083,0.00,0.10,-30.1,27.1,-18.7,109519.42,0.00,0.500000,neutral,0,0.508497,0.00,0.03,-124.1,83.9,233.9
2025-09-28T10:14,109455.72,109455.72,0.00,0.497733,neutral,0,0.497733,0.00,-0.10,-13.6,13.4,-12.1,109455.72,0.00,0.500312,neutral,0,0.500312,0.00,-0.09,-30.1,26.7,-4.2,109455.72,0.00,0.500000,neutral,0,0.509772,0.00,0.01,-123.4,83.4,242.8
2025-09-28T10:29,109441.7,109441.70,0.00,0.501275,neutral,0,0.501275,0.00,-0.08,-13.2,13.1,-15.5,109441.70,0.00,0.507663,up,0,0.507663,0.04,-0.08,-29.4,26.1,3.2,109441.70,0.00,0.500000,neutral,0,0.517117,0.00,0.01,-120.7,81.6,251.1
2025-09-28T10:44,109389.5,109389.50,0.00,0.508004,up,0,0.508004,0.01,0.11,-12.9,13.1,-8.5,109389.50,0.00,0.511254,up,1,0.511254,0.06,0.22,-28.2,25.6,18.8,109389.50,0.00,0.500000,neutral,0,0.519715,0.00,-0.03,-117.1,79.1,239.9
2025-09-28T10:59,109368.44,109368.44,0.00,0.509533,up,0,0.509533,0.02,0.12,-13.0,13.2,0.1,109368.44,0.00,0.511689,up,1,0.511689,0.06,0.22,-28.0,25.5,24.7,109368.44,0.00,0.500000,neutral,0,0.522225,0.00,0.02,-116.6,78.8,245.8
2025-09-28T11:14,109323.3,109323.30,0.00,0.504833,neutral,0,0.504833,0.00,0.09,-12.7,12.9,9.5,109323.30,0.00,0.511036,up,0,0.511036,0.06,0.20,-27.4,24.9,19.4,109323.30,0.00,0.500000,neutral,0,0.523225,0.00,0.04,-114.1,77.2,235.0
2025-09-28T11:29,109272.24,109272.24,0.00,0.507506,up,0,0.507506,0.01,0.06,-13.1,13.2,14.4,109272.24,0.00,0.521208,up,1,0.521208,0.11,0.23,-27.6,25.1,40.5,109272.24,0.00,0.500000,neutral,0,0.525067,0.00,-0.01,-115.0,77.7,242.9
2025-09-28T11:44,109296.9,109296.90,0.00,0.501546,neutral,0,0.501546,0.00,0.07,-13.1,13.2,-5.0,109296.90,0.00,0.518131,up,1,0.518131,0.09,0.22,-27.7,25.2,35.7,109296.90,0.00,0.500000,neutral,0,0.521201,0.00,-0.01,-115.6,78.1,252.3
2025-09-28T11:59,109369.02,109369.02,0.00,0.503425,neutral,0,0.503425,0.00,0.07,-13.7,13.8,-4.9,109369.02,0.00,0.512258,up,1,0.512258,0.07,0.21,-28.9,26.3,43.9,109369.02,0.00,0.500000,neutral,0,0.516068,0.00,-0.04,-121.0,81.7,246.6
2025-09-28T12:14,109427.69,109427.69,0.00,0.494941,down,0,0.494941,-0.01,0.06,-14.1,14.2,-1.6,109427.69,0.00,0.508133,up,0,0.508133,0.05,0.20,-29.8,27.1,31.0,109427.69,0.00,0.500000,neutral,0,0.510612,0.00,-0.05,-124.7,84.2,245.3
2025-09-28T12:29,109429.46,109429.46,0.00,0.493319,down,0,0.493319,-0.01,0.05,-14.3,14.4,4.3,109429.46,0.00,0.506427,up,0,0.506427,0.04,0.15,-29.8,27.0,42.9,109429.46,0.00,0.500000,neutral,0,0.507699,0.00,0.01,-124.5,84.2,265.6
2025-09-28T12:44,109242.64,109242.64,0.00,0.526344,up,1,0.526344,0.05,0.12,-14.3,14.6,32.3,109242.64,0.00,0.530624,up,1,0.530624,0.18,0.24,-30.0,27.4,62.7,109242.64,0.00,0.500000,neutral,0,0.531615,0.00,-0.01,-126.0,85.1,259.4
2025-09-28T12:59,109314.99,109314.99,0.00,0.522397,up,1,0.522397,0.04,0.05,-14.5,14.5,29.6,109314.99,0.00,0.523067,up,1,0.523067,0.13,0.23,-30.2,27.5,65.9,109314.99,0.00,0.500000,neutral,0,0.519209,0.00,-0.03,-126.8,85.6,244.6
2025-09-28T13:14,109409.99,109409.99,0.00,0.514623,up,1,0.514623,0.03,0.06,-14.1,14.2,11.5,109409.99,0.00,0.516303,up,1,0.516303,0.09,0.20,-29.6,26.9,71.5,109409.99,0.00,0.500000,neutral,0,0.507845,0.00,-0.06,-124.5,84.0,242.4
2025-09-28T13:29,109476.81,109476.81,0.00,0.511058,up,0,0.511058,0.02,0.08,-14.0,14.1,21.8,109476.81,0.00,0.517588,up,1,0.517588,0.10,0.16,-29.5,26.7,61.3,109476.81,0.00,0.500000,neutral,0,0.504636,0.00,-0.06,-123.7,83.5,243.9
2025-09-28T13:44,109595.59,109595.59,0.00,0.507601,up,0,0.507601,0.02,0.04,-14.1,14.1,8.4,109595.59,0.00,0.506785,up,0,0.506785,0.04,0.09,-29.1,26.2,51.1,109595.59,0.00,0.500000,neutral,0,0.492134,0.00,-0.08,-121.8,82.2,332.4
2025-09-28T13:59,109639,109639.00,0.00,0.503330,neutral,0,0.503330,0.00,0.04,-13.7,13.8,19.2,109639.00,0.00,0.502628,neutral,0,0.502628,0.00,0.09,-27.9,25.1,53.0,109639.00,0.00,0.500000,neutral,0,0.487674,0.00,-0.03,-116.9,78.9,322.0
2025-09-28T14:14,109535.5,109535.50,0.00,0.513284,up,1,0.513284,0.03,0.06,-14.0,14.1,21.1,109535.50,0.00,0.511089,up,0,0.511089,0.06,0.13,-28.4,25.7,72.5,109535.50,0.00,0.500000,neutral,0,0.501298,0.00,-0.07,-119.5,80.7,382.2
2025-09-28T14:29,109715.95,109715.95,0.00,0.496518,neutral,0,0.496518,0.00,-0.15,-14.9,14.6,16.8,109715.95,0.00,0.504232,neutral,0,0.504232,0.00,-0.21,-30.0,26.4,44.3,109715.95,0.00,0.500000,neutral,0,0.489143,0.00,-0.23,-123.7,83.2,360.5
2025-09-28T14:44,109688,109688.00,0.00,0.496376,neutral,0,0.496376,0.00,0.02,-14.5,14.5,22.0,109688.00,0.00,0.509127,up,0,0.509127,0.06,0.02,-29.5,26.5,58.5,109688.00,0.00,0.500000,neutral,0,0.497701,0.00,-0.19,-121.7,81.9,392.5
2025-09-28T14:59,109850.01,109850.01,0.00,0.487723,down,1,0.487723,-0.03,-0.18,-15.5,15.1,17.1,109850.01,0.00,0.497124,neutral,0,0.497124,0.00,-0.27,-31.4,27.6,32.1,109850.01,0.00,0.500000,neutral,0,0.489084,0.00,-0.24,-127.0,85.4,373.8
2025-09-28T15:14,109767.23,109767.23,0.00,0.497194,neutral,0,0.497194,0.00,-0.17,-16.0,15.6,38.9,109767.23,0.00,0.506241,up,0,0.506241,0.05,-0.24,-32.0,28.2,30.8,109767.23,0.00,0.500000,neutral,0,0.497722,0.00,-0.13,-128.2,86.4,373.4
2025-09-28T15:29,109899.99,109899.99,0.00,0.490789,down,0,0.490789,-0.03,-0.17,-16.1,15.7,22.7,109899.99,0.00,0.498317,neutral,0,0.498317,0.00,-0.24,-32.0,28.2,21.6,109899.99,0.00,0.500000,neutral,0,0.489541,0.00,-0.24,-127.4,85.7,348.7
2025-09-28T15:44,109929.99,109929.99,0.00,0.490830,down,0,0.490830,-0.03,-0.17,-16.5,16.1,20.6,109929.99,0.00,0.497186,neutral,0,0.497186,0.00,-0.23,-32.6,28.7,23.9,109929.99,0.00,0.500000,neutral,0,0.488597,0.00,-0.25,-128.5,86.4,358.9
2025-09-28T15:59,110037.93,110037.93,0.00,0.494001,down,0,0.494001,-0.02,-0.22,-16.7,16.2,16.7,110037.93,0.00,0.501547,neutral,0,0.501547,0.00,-0.41,-32.8,28.6,23.2,110037.93,0.00,0.500000,neutral,0,0.487138,0.00,-0.31,-127.5,85.7,337.5
2025-09-28T16:14,110195.21,110195.21,0.00,0.492526,down,0,0.492526,-0.02,-0.37,-18.5,17.8,12.4,110195.21,0.00,0.496640,neutral,0,0.496640,0.00,-0.50,-35.9,31.2,-6.9,110195.21,0.00,0.500000,neutral,0,0.482554,0.00,-0.29,-138.1,92.8,337.5
2025-09-28T16:29,110150.07,110150.07,0.00,0.497603,neutral,0,0.497603,0.00,-0.18,-19.4,19.0,4.8,110150.07,0.00,0.507410,up,0,0.507410,0.09,-0.49,-37.6,32.7,17.0,110150.07,0.00,0.500000,neutral,0,0.493702,0.00,-0.20,-143.5,96.6,331.4
2025-09-28T16:44,110157.12,110157.12,0.00,0.496735,neutral,0,0.496735,0.00,-0.19,-20.4,20.0,15.8,110157.12,0.00,0.507997,up,0,0.507997,0.10,-0.52,-39.3,34.2,16.3,110157.12,0.00,0.500000,neutral,0,0.492245,0.00,-0.21,-148.5,100.0,321.9
2025-09-28T16:59,110222.02,110222.02,0.00,0.493265,down,0,0.493265,-0.02,-0.22,-20.5,20.0,-1.7,110222.02,0.00,0.504503,neutral,0,0.504503,0.00,-0.55,-39.1,34.0,10.5,110222.02,0.00,0.500000,neutral,0,0.488159,0.00,-0.34,-146.4,98.4,304.2
2025-09-28T17:14,110332.21,110332.21,0.00,0.478620,down,1,0.478620,-0.06,-0.38,-19.2,18.4,-20.5,110332.21,0.00,0.490316,down,0,0.490316,-0.11,-0.56,-36.8,31.9,8.4,110332.21,0.00,0.500000,neutral,0,0.479093,0.00,0.02,-136.1,92.0,308.1
2025-09-28T17:29,110202.74,110202.74,0.00,0.481786,down,1,0.481786,-0.05,-0.21,-18.5,18.1,-5.9,110202.74,0.00,0.502443,neutral,0,0.502443,0.00,-0.50,-36.1,31.4,40.5,110202.74,0.00,0.500000,neutral,0,0.488002,0.00,0.06,-132.6,89.7,329.1
2025-09-28T17:44,110331.16,110331.16,0.00,0.473305,down,1,0.473305,-0.07,-0.31,-18.2,17.6,-12.5,110331.16,0.00,0.488079,down,1,0.488079,-0.14,-0.55,-35.9,31.1,55.4,110331.16,0.00,0.500000,neutral,0,0.474036,0.00,0.04,-130.3,88.1,320.0
2025-09-28T17:59,110203.52,110203.52,0.00,0.485053,down,1,0.485053,-0.04,-0.25,-18.3,17.7,8.2,110203.52,0.00,0.498120,neutral,0,0.498120,0.00,-0.50,-36.5,31.7,54.3,110203.52,0.00,0.500000,neutral,0,0.491650,0.00,0.07,-131.4,88.9,342.5
2025-09-28T18:14,110105.92,110105.92,0.00,0.493911,down,0,0.493911,-0.02,-0.07,-18.6,18.4,1.3,110105.92,0.00,0.506448,up,0,0.506448,0.08,-0.39,-37.0,32.4,68.4,110105.92,0.00,0.500000,neutral,0,0.500129,0.00,0.35,-132.2,89.9,350.3
2025-09-28T18:29,110138.1,110138.10,0.00,0.490427,down,0,0.490427,-0.03,-0.05,-18.0,17.9,18.1,110138.10,0.00,0.503118,neutral,0,0.503118,0.00,-0.42,-36.0,31.4,54.0,110138.10,0.00,0.500000,neutral,0,0.493559,0.00,0.27,-128.7,87.4,341.4
2025-09-28T18:44,110193.16,110193.16,0.00,0.490061,down,0,0.490061,-0.03,-0.14,-17.4,17.1,13.1,110193.16,0.00,0.502354,neutral,0,0.502354,0.00,-0.27,-34.5,30.4,44.5,110193.16,0.00,0.500000,neutral,0,0.493345,0.00,0.07,-124.1,84.0,338.3
2025-09-28T18:59,110293.56,110293.56,0.00,0.466813,down,1,0.466813,-0.10,-0.24,-16.9,16.4,4.0,110293.56,0.00,0.484862,down,1,0.484862,-0.17,-0.33,-33.6,29.4,48.9,110293.56,0.00,0.500000,neutral,0,0.481625,0.00,0.05,-120.8,81.7,331.3
2025-09-28T19:14,110119.72,110119.72,0.00,0.482453,down,1,0.482453,-0.05,-0.02,-17.3,17.2,27.7,110119.72,0.00,0.494909,down,0,0.494909,-0.06,-0.26,-34.7,30.5,121.0,110119.72,0.00,0.500000,neutral,0,0.496522,0.00,0.31,-124.8,84.9,347.2
2025-09-28T19:29,110338.01,110338.01,0.00,0.461833,down,1,0.461833,-0.12,-0.33,-18.4,17.7,28.2,110338.01,0.00,0.479154,down,1,0.479154,-0.25,-0.50,-35.9,31.2,125.0,110338.01,0.00,0.500000,neutral,0,0.477768,0.00,0.05,-128.7,87.0,326.9
2025-09-28T19:44,110337.2,110337.20,0.00,0.462391,down,1,0.462391,-0.11,-0.32,-18.2,17.5,54.8,110337.20,0.00,0.478546,down,1,0.478546,-0.26,-0.52,-35.6,30.8,140.6,110337.20,0.00,0.500000,neutral,0,0.479376,0.00,-0.01,-127.7,86.3,339.8
2025-09-28T19:59,110337.6,110337.60,0.00,0.467156,down,1,0.467156,-0.10,-0.33,-18.2,17.5,42.2,110337.60,0.00,0.483021,down,1,0.483021,-0.20,-0.52,-35.7,30.9,144.0,110337.60,0.00,0.500000,neutral,0,0.481984,0.00,-0.01,-128.2,86.6,349.8
2025-09-28T20:14,110425,110425.00,0.00,0.466395,down,1,0.466395,-0.09,-0.34,-18.0,17.3,39.5,110425.00,0.00,0.477931,down,1,0.477931,-0.26,-0.53,-34.7,30.1,151.5,110425.00,0.00,0.500000,neutral,0,0.476090,0.00,-0.01,-125.4,84.7,350.9
2025-09-28T20:29,110650,110650.00,0.00,0.460807,down,1,0.460807,-0.09,-0.37,-19.4,18.6,7.6,110650.00,0.00,0.473951,down,1,0.473951,-0.32,-0.60,-37.1,32.1,130.9,110650.00,0.00,0.500000,neutral,0,0.468424,0.00,-0.74,-134.2,89.4,323.7
2025-09-28T20:44,110943.66,110943.66,0.00,0.466575,down,1,0.466575,-0.05,-0.46,-21.9,20.9,-23.4,110943.66,0.00,0.474885,down,1,0.474885,-0.34,-0.72,-41.4,35.7,116.8,110943.66,0.00,0.500000,neutral,0,0.462769,0.00,-0.83,-149.2,99.4,306.2
2025-09-28T20:59,110803.8,110803.80,0.00,0.471100,down,1,0.471100,-0.03,-0.46,-22.5,21.5,2.7,110803.80,0.00,0.485001,down,1,0.485001,-0.21,-0.69,-42.2,36.5,122.0,110803.80,0.00,0.500000,neutral,0,0.479181,0.00,-0.83,-151.4,100.9,307.0
2025-09-28T21:14,110861.61,110861.61,0.00,0.470590,down,1,0.470590,-0.01,-0.44,-22.3,21.4,53.8,110861.61,0.00,0.480439,down,1,0.480439,-0.27,-0.68,-41.6,35.9,111.9,110861.61,0.00,0.500000,neutral,0,0.472448,0.00,-0.03,-147.8,99.8,295.5
2025-09-28T21:29,110734.6,110734.60,0.00,0.475791,down,1,0.475791,-0.00,-0.40,-21.4,20.6,89.2,110734.60,0.00,0.486409,down,1,0.486409,-0.18,-0.61,-40.4,35.0,131.4,110734.60,0.00,0.500000,neutral,0,0.487465,0.00,-0.01,-143.3,96.8,304.1
2025-09-28T21:44,110684.11,110684.11,0.00,0.480044,down,1,0.480044,-0.01,-0.37,-20.0,19.2,109.3,110684.11,0.00,0.489417,down,0,0.489417,-0.13,-0.55,-37.4,32.4,123.2,110684.11,0.00,0.500000,neutral,0,0.494059,0.00,-0.70,-132.6,88.4,311.1
2025-09-28T21:59,110833.99,110833.99,0.00,0.464057,down,1,0.464057,-0.01,-0.37,-19.6,18.8,99.2,110833.99,0.00,0.476345,down,1,0.476345,-0.28,-0.58,-37.0,32.1,127.9,110833.99,0.00,0.500000,neutral,0,0.475714,0.00,-0.70,-130.9,87.2,297.1
2025-09-28T22:14,111459.99,111459.99,0.00,0.463440,down,1,0.463440,0.00,-0.63,-33.5,32.2,58.2,111459.99,0.00,0.474649,down,1,0.474649,-0.50,-1.02,-63.0,54.5,69.9,111459.99,0.00,0.500000,neutral,0,0.466017,0.00,-0.04,-220.4,148.9,236.8
2025-09-28T22:29,111726.34,111726.34,0.00,0.464198,down,1,0.464198,0.00,-0.69,-35.3,33.9,34.1,111726.34,0.00,0.472477,down,1,0.472477,-0.51,-1.08,-65.9,56.9,28.3,111726.34,0.00,0.500000,neutral,0,0.460657,0.00,-1.25,-230.7,153.8,209.4
2025-09-28T22:44,111899.99,111899.99,0.00,0.459365,down,1,0.459365,0.00,-0.74,-37.8,36.3,30.9,111899.99,0.00,0.470007,down,1,0.470007,-0.50,-1.13,-69.9,60.5,13.4,111899.99,0.00,0.500000,neutral,0,0.455697,0.00,-1.32,-243.9,162.6,190.4
2025-09-28T22:59,111938.51,111938.51,0.00,0.460340,down,1,0.460340,0.00,-0.67,-38.9,37.5,20.1,111938.51,0.00,0.471805,down,1,0.471805,-0.42,-1.13,-71.6,61.9,-7.4,111938.51,0.00,0.500000,neutral,0,0.457113,0.00,-0.05,-247.5,167.2,199.1
2025-09-28T23:14,112111.03,112111.03,0.00,0.470809,down,1,0.470809,0.00,-0.64,-33.2,31.9,-0.2,112111.03,0.00,0.473131,down,1,0.473131,-0.27,-0.96,-60.5,52.4,-25.4,112111.03,0.00,0.500000,neutral,0,0.458716,0.00,-1.13,-209.5,139.6,187.8
2025-09-28T23:29,112107.85,112107.85,0.00,0.462409,down,1,0.462409,0.00,-0.62,-33.4,32.1,8.1,112107.85,0.00,0.472292,down,1,0.472292,-0.20,-0.93,-60.3,52.2,-19.9,112107.85,0.00,0.500000,neutral,0,0.464465,0.00,-1.12,-208.0,138.7,193.7
2025-09-28T23:44,112246.83,112246.83,0.00,0.459996,down,1,0.459996,0.00,-0.56,-31.9,30.8,-17.0,112246.83,0.00,0.458377,down,1,0.458377,-0.21,-0.89,-58.4,50.6,-52.5,112246.83,0.00,0.500000,neutral,0,0.456363,0.00,-1.08,-200.7,133.8,175.0
2025-09-28T23:59,112163.95,112163.95,0.00,0.462364,down,1,0.462364,0.00,-0.52,-31.3,30.2,8.6,112163.95,0.00,0.461834,down,1,0.461834,-0.14,-0.83,-58.0,50.4,-37.0,112163.95,0.00,0.500000,neutral,0,0.464785,0.00,-1.05,-198.7,132.5,189.7
2025-09-29T00:14,112109.19,112109.19,0.00,0.465254,down,1,0.465254,0.00,-0.45,-28.0,27.2,11.8,112109.19,0.00,0.459796,down,1,0.459796,-0.08,-0.70,-52.9,44.8,-46.6,112109.19,0.00,0.500000,neutral,0,0.461429,0.00,-0.93,-156.4,120.4,194.2
2025-09-29T00:29,112198.87,112198.87,0.00,0.460319,down,1,0.460319,0.00,-0.48,-28.8,28.0,-13.9,112198.87,0.00,0.464073,down,1,0.464073,-0.03,-0.78,-55.2,46.6,-39.5,112198.87,0.00,0.500000,neutral,0,0.459350,0.00,-0.97,-162.3,125.0,174.2
2025-09-29T00:44,112056.48,112056.48,0.00,0.467899,down,1,0.467899,0.00,-0.48,-29.4,28.6,-0.6,112056.48,0.00,0.475334,down,1,0.475334,0.00,-0.75,-56.9,48.2,-31.4,112056.48,0.00,0.500000,neutral,0,0.472374,0.00,-0.98,-166.9,128.6,205.8
2025-09-29T00:59,112260.57,112260.57,0.00,0.463598,down,1,0.463598,0.00,-0.52,-30.2,29.3,-36.2,112260.57,0.00,0.462293,down,1,0.462293,0.00,-0.79,-59.1,50.0,-36.0,112260.57,0.00,0.500000,neutral,0,0.460067,0.00,-1.03,-172.6,132.9,199.8
2025-09-29T01:14,112241.53,112241.53,0.00,0.463302,down,1,0.463302,0.00,-0.47,-29.8,29.0,-37.0,112241.53,0.00,0.460560,down,1,0.460560,0.00,-0.73,-59.1,50.1,-38.9,112241.53,0.00,0.500000,neutral,0,0.458786,0.00,-1.01,-172.1,132.6,221.2
2025-09-29T01:29,112042.97,112042.97,0.00,0.477440,down,1,0.477440,0.00,-0.41,-28.9,28.2,-14.1,112042.97,0.00,0.466744,down,1,0.466744,0.00,-0.68,-57.5,48.8,-20.6,112042.97,0.00,0.500000,neutral,0,0.475498,0.00,-0.97,-168.5,129.8,228.4
2025-09-29T01:44,112050.09,112050.09,0.00,0.466395,down,1,0.466395,0.00,-0.40,-27.8,27.2,-34.9,112050.09,0.00,0.461816,down,1,0.461816,0.00,-0.66,-55.5,47.1,-15.8,112050.09,0.00,0.500000,neutral,0,0.466677,0.00,-0.93,-163.5,126.0,211.8
2025-09-29T01:59,111855.3,111855.30,0.00,0.484982,down,1,0.484982,0.00,-0.38,-28.7,28.1,-9.4,111855.30,0.00,0.472920,down,1,0.472920,0.00,-0.64,-56.2,47.8,-3.9,111855.30,0.00,0.500000,neutral,0,0.482083,0.00,-0.85,-166.7,128.7,233.7
2025-09-29T02:14,111826.79,111826.79,0.00,0.485065,down,1,0.485065,0.00,-0.38,-29.0,28.3,-21.4,111826.79,0.00,0.475232,down,1,0.475232,0.00,-0.63,-55.7,47.3,-12.6,111826.79,0.00,0.500000,neutral,0,0.484291,0.00,-0.84,-166.1,128.2,228.3
2025-09-29T02:29,111885.07,111885.07,0.00,0.482653,down,1,0.482653,0.00,-0.39,-28.7,28.1,-11.5,111885.07,0.00,0.470027,down,1,0.470027,0.00,-0.55,-55.2,47.1,-22.8,111885.07,0.00,0.500000,neutral,0,0.475652,0.00,-0.93,-166.1,128.0,228.6
2025-09-29T02:44,111659.53,111659.53,0.00,0.495759,neutral,0,0.495759,0.00,-0.37,-29.7,29.1,4.1,111659.53,0.00,0.489204,down,0,0.489204,0.00,-0.52,-56.1,47.9,4.6,111659.53,0.00,0.500000,neutral,0,0.495452,0.00,-0.61,-169.6,131.4,249.0
2025-09-29T02:59,111750.02,111750.02,0.00,0.476842,down,1,0.476842,0.00,-0.37,-28.4,27.8,9.6,111750.02,0.00,0.480476,down,1,0.480476,0.00,-0.51,-53.7,45.8,0.3,111750.02,0.00,0.500000,neutral,0,0.482530,0.00,-0.65,-163.2,126.2,239.3
2025-09-29T03:14,111588.08,111588.08,0.00,0.490451,down,0,0.490451,0.00,-0.22,-28.3,28.0,19.5,111588.08,0.00,0.487961,down,1,0.487961,0.00,-0.59,-54.0,45.9,11.0,111588.08,0.00,0.500000,neutral,0,0.494078,0.00,-0.47,-164.6,127.7,247.8
2025-09-29T03:29,111756.7,111756.70,0.00,0.481734,down,1,0.481734,0.00,-0.36,-27.7,27.1,5.0,111756.70,0.00,0.483710,down,1,0.483710,-0.01,-0.51,-52.7,44.9,4.0,111756.70,0.00,0.500000,neutral,0,0.480096,0.00,-0.63,-162.0,125.3,227.3
2025-09-29T03:44,111704.95,111704.95,0.00,0.479747,down,1,0.479747,0.00,-0.36,-26.6,26.0,15.0,111704.95,0.00,0.479332,down,1,0.479332,-0.02,-0.48,-50.6,43.2,3.5,111704.95,0.00,0.500000,neutral,0,0.482177,0.00,-0.60,-156.7,121.3,240.8
2025-09-29T03:59,111857.51,111857.51,0.00,0.471956,down,1,0.471956,0.00,-0.37,-26.6,25.9,-4.1,111857.51,0.00,0.471445,down,1,0.471445,-0.05,-0.51,-50.7,43.2,-20.1,111857.51,0.00,0.500000,neutral,0,0.465858,0.00,-0.76,-157.8,121.8,222.7
2025-09-29T04:14,111806.01,111806.01,0.00,0.478241,down,1,0.478241,0.00,-0.35,-24.1,23.5,-10.8,111806.01,0.00,0.464953,down,1,0.464953,-0.09,-0.43,-45.9,39.2,-15.3,111806.01,0.00,0.500000,neutral,0,0.474075,0.00,-0.69,-144.0,111.2,221.5
2025-09-29T04:29,111812.13,111812.13,0.00,0.478334,down,1,0.478334,0.00,-0.40,-23.3,22.6,-16.3,111812.13,0.00,0.468619,down,1,0.468619,-0.09,-0.41,-44.4,37.9,-18.3,111812.13,0.00,0.500000,neutral,0,0.478497,0.00,-0.67,-140.2,108.2,210.0
2025-09-29T04:44,111872.94,111872.94,0.00,0.474794,down,1,0.474794,0.00,-0.41,-22.8,22.1,-14.5,111872.94,0.00,0.464411,down,1,0.464411,-0.11,-0.47,-43.6,37.1,-12.5,111872.94,0.00,0.500000,neutral,0,0.469496,0.00,-0.73,-138.2,106.6,206.3
2025-09-29T04:59,111812,111812.00,0.00,0.476244,down,1,0.476244,0.00,-0.40,-22.3,21.6,-5.2,111812.00,0.00,0.470171,down,1,0.470171,-0.09,-0.44,-42.6,36.3,4.8,111812.00,0.00,0.500000,neutral,0,0.484278,0.00,-0.64,-136.0,105.0,201.8
2025-09-29T05:14,111685.81,111685.81,0.00,0.481825,down,1,0.481825,0.00,-0.37,-22.3,21.6,2.3,111685.81,0.00,0.475291,down,1,0.475291,-0.08,-0.41,-42.8,36.5,27.1,111685.81,0.00,0.500000,neutral,0,0.494510,0.00,-0.46,-137.2,106.3,216.2
2025-09-29T05:29,111630.12,111630.12,0.00,0.479552,down,1,0.479552,0.00,-0.38,-22.2,21.5,15.3,111630.12,0.00,0.474158,down,1,0.474158,-0.09,-0.43,-42.7,36.4,51.1,111630.12,0.00,0.500000,neutral,0,0.493738,0.00,-0.46,-137.5,106.6,204.8
2025-09-29T05:44,111710.8,111710.80,0.00,0.473222,down,1,0.473222,0.00,-0.42,-22.0,21.3,3.0,111710.80,0.00,0.473237,down,1,0.473237,-0.09,-0.45,-42.4,36.1,49.1,111710.80,0.00,0.500000,neutral,0,0.489001,0.00,-0.52,-137.5,106.4,200.7
2025-09-29T05:59,111753.34,111753.34,0.00,0.474730,down,1,0.474730,0.00,-0.40,-21.8,21.2,-10.8,111753.34,0.00,0.469931,down,1,0.469931,-0.10,-0.45,-42.2,35.9,30.9,111753.34,0.00,0.500000,neutral,0,0.479594,0.00,-0.52,-137.6,106.5,190.6
2025-09-29T06:14,111711.02,111711.02,0.00,0.483779,down,1,0.483779,0.00,-0.44,-21.4,20.6,-6.8,111711.02,0.00,0.476274,down,1,0.476274,-0.08,-0.52,-41.4,35.1,29.2,111711.02,0.00,0.500000,neutral,0,0.486086,0.00,-0.51,-135.5,104.9,198.7
2025-09-29T06:29,111800.94,111800.94,0.00,0.479633,down,1,0.479633,0.00,-0.42,-20.8,20.0,-17.3,111800.94,0.00,0.467478,down,1,0.467478,-0.10,-0.52,-40.3,34.1,33.1,111800.94,0.00,0.500000,neutral,0,0.472752,0.00,-0.65,-132.8,102.6,187.9
2025-09-29T06:44,111744.31,111744.31,0.00,0.471596,down,1,0.471596,0.00,-0.38,-20.5,19.8,-1.0,111744.31,0.00,0.468597,down,1,0.468597,-0.10,-0.50,-39.8,33.8,27.5,111744.31,0.00,0.500000,neutral,0,0.481306,0.00,-0.49,-132.0,102.2,200.5
2025-09-29T06:59,111632.83,111632.83,0.00,0.486889,down,0,0.486889,0.00,-0.40,-20.6,19.9,20.9,111632.83,0.00,0.481133,down,1,0.481133,-0.06,-0.49,-40.0,34.0,42.7,111632.83,0.00,0.500000,neutral,0,0.498374,0.00,-0.44,-133.5,103.5,200.3
2025-09-29T07:14,111635.46,111635.46,0.00,0.478129,down,1,0.478129,0.00,-0.41,-20.3,19.6,31.7,111635.46,0.00,0.474903,down,1,0.474903,-0.09,-0.50,-39.6,33.6,45.6,111635.46,0.00,0.500000,neutral,0,0.485227,0.00,-0.45,-132.8,102.9,202.7
2025-09-29T07:29,111607.86,111607.86,0.00,0.471934,down,1,0.471934,0.00,-0.33,-20.3,19.8,53.1,111607.86,0.00,0.476959,down,1,0.476959,-0.09,-0.49,-39.9,33.8,55.1,111607.86,0.00,0.500000,neutral,0,0.492027,0.00,-0.43,-134.6,104.3,207.9
2025-09-29T07:44,111732.78,111732.78,0.00,0.472974,down,1,0.472974,0.00,-0.42,-20.7,20.0,47.1,111732.78,0.00,0.468091,down,1,0.468091,-0.13,-0.53,-40.6,34.4,28.0,111732.78,0.00,0.500000,neutral,0,0.474836,0.00,-0.50,-137.7,106.6,168.9
2025-09-29T07:59,111865.95,111865.95,0.00,0.471791,down,1,0.471791,0.00,-0.41,-20.5,19.7,20.9,111865.95,0.00,0.463775,down,1,0.463775,-0.14,-0.54,-39.4,33.3,20.0,111865.95,0.00,0.500000,neutral,0,0.461628,0.00,-0.68,-134.6,103.9,162.6
2025-09-29T08:14,111989.41,111989.41,0.00,0.472145,down,1,0.472145,0.00,-0.41,-22.1,21.4,4.4,111989.41,0.00,0.461857,down,1,0.461857,-0.15,-0.59,-41.9,35.4,-5.9,111989.41,0.00,0.500000,neutral,0,0.460929,0.00,-0.74,-144.0,111.2,151.9
2025-09-29T08:29,112201.73,112201.73,0.00,0.460457,down,1,0.460457,0.00,-0.39,-23.0,22.3,-2.7,112201.73,0.00,0.454181,down,1,0.454181,-0.15,-0.63,-43.3,36.5,-21.6,112201.73,0.00,0.500000,neutral,0,0.443650,0.00,-0.77,-148.1,114.2,121.7
2025-09-29T08:44,112260.24,112260.24,0.00,0.457677,down,1,0.457677,0.00,-0.37,-22.9,22.3,-18.6,112260.24,0.00,0.454436,down,1,0.454436,-0.11,-0.58,-42.8,36.2,-15.2,112260.24,0.00,0.500000,neutral,0,0.442699,0.00,-0.75,-145.8,112.5,105.9
2025-09-29T08:59,112099.75,112099.75,0.00,0.464011,down,1,0.464011,0.00,-0.36,-24.1,23.5,1.0,112099.75,0.00,0.462913,down,1,0.462913,-0.07,-0.56,-44.2,37.4,0.0,112099.75,0.00,0.500000,neutral,0,0.467752,0.00,-0.76,-151.7,117.1,119.9
2025-09-29T09:14,112038.24,112038.24,0.00,0.463195,down,1,0.463195,0.00,-0.34,-22.5,22.0,9.6,112038.24,0.00,0.458548,down,1,0.458548,-0.06,-0.53,-41.4,35.1,9.5,112038.24,0.00,0.500000,neutral,0,0.466194,0.00,-0.71,-143.1,110.5,105.1
2025-09-29T09:29,112171.23,112171.23,0.00,0.449278,down,1,0.449278,0.00,-0.33,-22.4,21.8,4.8,112171.23,0.00,0.452908,down,1,0.452908,-0.04,-0.54,-41.2,34.9,18.1,112171.23,0.00,0.500000,neutral,0,0.456499,0.00,-0.71,-143.3,110.6,96.1
2025-09-29T09:44,112052.03,112052.03,0.00,0.471089,down,1,0.471089,0.00,-0.31,-22.7,22.1,-0.5,112052.03,0.00,0.464370,down,1,0.464370,-0.01,-0.51,-41.9,35.5,5.5,112052.03,0.00,0.500000,neutral,0,0.475452,0.00,-0.72,-146.4,113.1,82.8
2025-09-29T09:59,112110.9,112110.90,0.00,0.455892,down,1,0.455892,0.00,-0.31,-22.0,21.5,-1.8,112110.90,0.00,0.460905,down,1,0.460905,0.00,-0.50,-41.2,35.0,-7.9,112110.90,0.00,0.500000,neutral,0,0.458252,0.00,-0.70,-143.6,110.9,59.7
2025-09-29T10:14,112145.32,112145.32,0.00,0.463860,down,1,0.463860,0.00,-0.29,-21.8,21.4,-19.8,112145.32,0.00,0.462409,down,1,0.462409,0.00,-0.49,-41.4,35.1,-4.5,112145.32,0.00,0.500000,neutral,0,0.456991,0.00,-0.70,-143.6,110.9,63.4
2025-09-29T10:29,112225,112225.00,0.00,0.466081,down,1,0.466081,0.00,-0.30,-21.1,20.7,-23.7,112225.00,0.00,0.460301,down,1,0.460301,0.00,-0.33,-40.3,34.5,-4.0,112225.00,0.00,0.500000,neutral,0,0.452889,0.00,-0.68,-140.0,108.1,54.5
2025-09-29T10:44,112045.96,112045.96,0.00,0.480811,down,1,0.480811,0.00,-0.26,-21.5,21.1,3.9,112045.96,0.00,0.471026,down,1,0.471026,0.00,-0.28,-41.1,35.3,111.3,112045.96,0.00,0.500000,neutral,0,0.473665,0.00,-0.69,-143.7,110.9,75.7
2025-09-29T10:59,112090.18,112090.18,0.00,0.478189,down,1,0.478189,0.00,-0.25,-21.4,21.0,0.9,112090.18,0.00,0.472193,down,1,0.472193,0.00,-0.29,-41.1,35.2,100.9,112090.18,0.00,0.500000,neutral,0,0.471285,0.00,-0.70,-144.4,111.5,74.1
2025-09-29T11:14,111923.15,111923.15,0.00,0.495269,neutral,0,0.495269,0.00,-0.20,-21.8,21.5,19.8,111923.15,0.00,0.484215,down,1,0.484215,0.00,-0.29,-42.0,36.1,166.6,111923.15,0.00,0.500000,neutral,0,0.491777,0.00,-0.70,-148.6,114.8,85.2
2025-09-29T11:29,111959.32,111959.32,0.00,0.478655,down,1,0.478655,0.00,-0.18,-22.4,22.2,37.0,111959.32,0.00,0.475420,down,1,0.475420,0.00,-0.26,-42.4,36.4,158.1,111959.32,0.00,0.500000,neutral,0,0.481300,0.00,-0.70,-151.0,116.6,86.1
2025-09-29T11:44,112090,112090.00,0.00,0.463660,down,1,0.463660,0.00,-0.27,-22.1,21.6,2.1,112090.00,0.00,0.463034,down,1,0.463034,0.00,-0.30,-41.7,35.8,175.9,112090.00,0.00,0.500000,neutral,0,0.468097,0.00,-0.70,-149.2,115.3,82.0
2025-09-29T11:59,112100,112100.00,0.00,0.462772,down,1,0.462772,0.00,-0.30,-21.8,21.3,-6.9,112100.00,0.00,0.461922,down,1,0.461922,0.00,-0.32,-41.3,35.4,171.0,112100.00,0.00,0.500000,neutral,0,0.469514,0.00,-0.69,-148.5,114.7,84.8
2025-09-29T12:14,112144.99,112144.99,0.00,0.456343,down,1,0.456343,0.00,-0.29,-21.3,20.9,-4.5,112144.99,0.00,0.457875,down,1,0.457875,0.00,-0.31,-40.5,34.7,159.1,112144.99,0.00,0.500000,neutral,0,0.457192,0.00,-0.68,-146.5,113.2,77.9
2025-09-29T12:29,112374.89,112374.89,0.00,0.454200,down,1,0.454200,0.00,-0.31,-22.2,21.7,-17.4,112374.89,0.00,0.454028,down,1,0.454028,0.00,-0.33,-41.3,35.4,126.0,112374.89,0.00,0.500000,neutral,0,0.447127,0.00,-0.71,-150.3,116.1,63.0
2025-09-29T12:44,112113.29,112113.29,0.00,0.472488,down,1,0.472488,0.00,-0.19,-24.0,23.8,105.3,112113.29,0.00,0.469196,down,1,0.469196,0.00,-0.30,-45.1,38.7,162.3,112113.29,0.00,0.500000,neutral,0,0.476353,0.00,-0.75,-165.2,127.7,99.7
2025-09-29T12:59,112022.16,112022.16,0.00,0.479740,down,1,0.479740,0.00,-0.16,-25.5,25.3,107.0,112022.16,0.00,0.480305,down,1,0.480305,0.00,-0.29,-47.9,41.2,158.8,112022.16,0.00,0.500000,neutral,0,0.479513,0.00,-0.73,-176.6,136.6,87.1
2025-09-29T13:14,112094.74,112094.74,0.00,0.477402,down,1,0.477402,0.00,-0.14,-25.6,25.4,151.3,112094.74,0.00,0.475702,down,1,0.475702,0.00,-0.31,-48.3,41.5,166.6,112094.74,0.00,0.500000,neutral,0,0.471842,0.00,-0.75,-179.2,138.6,84.0
2025-09-29T13:29,112179.65,112179.65,0.00,0.480378,down,1,0.480378,0.00,-0.19,-26.3,26.0,138.4,112179.65,0.00,0.476036,down,1,0.476036,0.00,-0.35,-49.6,42.5,148.8,112179.65,0.00,0.500000,neutral,0,0.475721,0.00,-0.79,-185.0,143.0,101.1
2025-09-29T13:44,113300,113300.00,0.00,0.466409,down,1,0.466409,0.00,-0.65,-40.6,39.5,68.5,113300.00,0.00,0.467561,down,1,0.467561,0.00,-1.04,-75.8,64.1,40.6,113300.00,0.00,0.500000,neutral,0,0.439752,0.00,-1.33,-280.1,216.3,20.1
2025-09-29T13:59,113227.29,113227.29,0.00,0.473952,down,1,0.473952,0.00,-0.75,-49.8,48.5,71.0,113227.29,0.00,0.476176,down,1,0.476176,0.00,-1.10,-92.2,78.3,35.2,113227.29,0.00,0.500000,neutral,0,0.456525,0.00,-1.55,-339.8,262.5,15.6
2025-09-29T14:14,113803.51,113803.51,0.00,0.471734,down,1,0.471734,0.00,-0.90,-53.5,52.0,12.3,113803.51,0.00,0.476174,down,1,0.476174,0.00,-1.37,-98.4,83.2,-1.7,113803.51,0.00,0.500000,neutral,0,0.444618,0.00,-1.68,-360.4,278.4,-58.8
2025-09-29T14:29,113743,113743.00,0.00,0.477071,down,1,0.477071,0.00,-0.90,-54.9,53.3,5.0,113743.00,0.00,0.479116,down,1,0.479116,0.00,-1.35,-100.1,84.6,12.9,113743.00,0.00,0.500000,neutral,0,0.454687,0.00,-1.68,-365.1,282.1,-56.6
2025-09-29T14:44,114079.26,114079.26,0.00,0.474709,down,1,0.474709,0.00,-0.82,-48.3,46.9,-11.5,114079.26,0.00,0.474678,down,1,0.474678,0.00,-1.22,-87.3,73.8,-14.0,114079.26,0.00,0.500000,neutral,0,0.448672,0.00,-1.49,-317.3,245.1,-75.3
2025-09-29T14:59,114033.53,114033.53,0.00,0.480107,down,1,0.480107,0.00,-0.70,-40.7,39.5,-19.1,114033.53,0.00,0.478264,down,1,0.478264,0.00,-1.04,-73.0,61.7,0.9,114033.53,0.00,0.500000,neutral,0,0.451807,0.00,-1.24,-264.2,204.1,-38.5
2025-09-29T15:14,113943.67,113943.67,0.00,0.474921,down,1,0.474921,0.00,-0.64,-37.3,36.2,3.0,113943.67,0.00,0.476522,down,1,0.476522,0.00,-0.94,-67.7,57.3,7.7,113943.67,0.00,0.500000,neutral,0,0.460732,0.00,-1.15,-244.2,188.6,-63.8
2025-09-29T15:29,113800.01,113800.01,0.00,0.478118,down,1,0.478118,0.00,-0.59,-36.5,35.5,5.4,113800.01,0.00,0.475517,down,1,0.475517,0.00,-0.89,-67.0,56.7,14.3,113800.01,0.00,0.500000,neutral,0,0.467509,0.00,-1.11,-240.8,186.1,-66.1
2025-09-29T15:44,113947.59,113947.59,0.00,0.479040,down,1,0.479040,0.00,-0.58,-34.7,33.7,-16.4,113947.59,0.00,0.474794,down,1,0.474794,0.00,-0.87,-64.5,54.6,3.2,113947.59,0.00,0.500000,neutral,0,0.460397,0.00,-1.08,-230.9,178.3,-78.1
2025-09-29T15:59,113815.57,113815.57,0.00,0.481014,down,1,0.481014,0.00,-0.56,-35.0,34.1,-16.7,113815.57,0.00,0.471687,down,1,0.471687,0.00,-0.84,-65.9,55.9,17.0,113815.57,0.00,0.500000,neutral,0,0.467814,0.00,-1.06,-235.1,181.7,-62.5
2025-09-29T16:14,113978.15,113978.15,0.00,0.476117,down,1,0.476117,0.00,-0.60,-35.1,34.1,-17.0,113978.15,0.00,0.469843,down,1,0.469843,0.00,-0.89,-66.9,56.6,2.8,113978.15,0.00,0.500000,neutral,0,0.454105,0.00,-1.09,-237.3,183.3,-80.1
2025-09-29T16:29,113861.36,113861.36,0.00,0.479140,down,1,0.479140,0.00,-0.57,-34.6,33.6,2.5,113861.36,0.00,0.468772,down,1,0.468772,0.00,-0.85,-66.7,56.5,12.6,113861.36,0.00,0.500000,neutral,0,0.462537,0.00,-1.05,-235.8,182.2,-70.5
2025-09-29T16:44,113761.21,113761.21,0.00,0.491710,down,0,0.491710,0.00,-0.53,-34.8,33.9,13.9,113761.21,0.00,0.478479,down,1,0.478479,0.00,-0.82,-67.2,57.0,34.2,113761.21,0.00,0.500000,neutral,0,0.474715,0.00,-1.05,-239.1,184.8,-73.3
2025-09-29T16:59,113626.15,113626.15,0.00,0.494383,down,0,0.494383,0.00,-0.51,-34.9,34.1,36.7,113626.15,0.00,0.484381,down,1,0.484381,0.00,-0.80,-67.6,57.4,56.1,113626.15,0.00,0.500000,neutral,0,0.481984,0.00,-1.05,-242.3,187.3,-69.3
2025-09-29T17:14,113784.01,113784.01,0.00,0.492083,down,0,0.492083,0.00,-0.54,-36.4,35.5,21.7,113784.01,0.00,0.485167,down,0,0.485167,0.00,-0.84,-70.7,60.0,51.3,113784.01,0.00,0.500000,neutral,0,0.474407,0.00,-1.14,-254.6,196.8,-57.3
2025-09-29T17:29,113890.25,113890.25,0.00,0.488836,down,0,0.488836,0.00,-0.59,-37.0,36.0,6.4,113890.25,0.00,0.478654,down,1,0.478654,0.00,-0.89,-71.8,60.9,35.0,113890.25,0.00,0.500000,neutral,0,0.468446,0.00,-1.17,-260.4,201.2,-57.0
2025-09-29T17:44,113919.23,113919.23,0.00,0.489117,down,0,0.489117,0.00,-0.58,-36.6,35.6,5.7,113919.23,0.00,0.481599,down,1,0.481599,0.00,-0.89,-71.3,60.4,41.5,113919.23,0.00,0.500000,neutral,0,0.466973,0.00,-1.16,-259.8,200.8,-55.2
2025-09-29T17:59,114043.91,114043.91,0.00,0.484427,down,0,0.484427,0.00,-0.61,-37.3,36.3,-3.1,114043.91,0.00,0.480266,down,1,0.480266,0.00,-0.93,-71.4,60.5,18.8,114043.91,0.00,0.500000,neutral,0,0.457834,0.00,-1.17,-261.7,202.3,-70.2
2025-09-29T18:14,114031.25,114031.25,0.00,0.484496,down,0,0.484496,0.00,-0.58,-35.8,34.8,-1.9,114031.25,0.00,0.477881,down,1,0.477881,0.00,-0.89,-68.5,58.0,13.6,114031.25,0.00,0.500000,neutral,0,0.459374,0.00,-1.13,-252.7,195.3,-45.5
2025-09-29T18:29,113963.41,113963.41,0.00,0.480428,down,1,0.480428,0.00,-0.56,-34.9,34.0,3.6,113963.41,0.00,0.476727,down,1,0.476727,0.00,-0.85,-67.0,56.8,16.7,113963.41,0.00,0.500000,neutral,0,0.465137,0.00,-1.09,-248.7,192.2,-43.8
2025-09-29T18:44,113984.46,113984.46,0.00,0.478907,down,1,0.478907,0.00,-0.56,-34.1,33.1,14.6,113984.46,0.00,0.476017,down,1,0.476017,0.00,-0.85,-65.5,55.5,17.3,113984.46,0.00,0.500000,neutral,0,0.463413,0.00,-1.07,-244.5,189.0,-46.2
2025-09-29T18:59,114008.79,114008.79,0.00,0.477183,down,1,0.477183,0.00,-0.54,-32.8,31.9,22.5,114008.79,0.00,0.477354,down,1,0.477354,0.00,-0.84,-63.2,53.5,14.7,114008.79,0.00,0.500000,neutral,0,0.465068,0.00,-1.01,-237.1,183.3,-25.8
2025-09-29T19:14,114009.66,114009.66,0.00,0.470019,down,1,0.470019,0.00,-0.56,-32.3,31.4,31.5,114009.66,0.00,0.474971,down,1,0.474971,0.00,-0.85,-62.4,52.8,10.6,114009.66,0.00,0.500000,neutral,0,0.461022,0.00,-0.99,-235.4,182.1,-12.4
2025-09-29T19:29,114004.55,114004.55,0.00,0.477401,down,1,0.477401,0.00,-0.56,-32.1,31.2,25.0,114004.55,0.00,0.476451,down,1,0.476451,0.00,-0.84,-62.1,52.6,7.5,114004.55,0.00,0.500000,neutral,0,0.462485,0.00,-0.99,-235.9,182.4,-5.2
2025-09-29T19:44,114151.23,114151.23,0.00,0.468584,down,1,0.468584,0.00,-0.57,-31.3,30.3,21.2,114151.23,0.00,0.471345,down,1,0.471345,0.00,-0.85,-60.6,51.2,-8.8,114151.23,0.00,0.500000,neutral,0,0.452411,0.00,-0.97,-231.4,179.0,5.4
2025-09-29T19:59,114265.55,114265.55,0.00,0.466812,down,1,0.466812,0.00,-0.58,-30.7,29.7,-0.6,114265.55,0.00,0.470633,down,1,0.470633,0.00,-0.85,-59.5,50.3,-6.6,114265.55,0.00,0.500000,neutral,0,0.456537,0.00,-0.96,-228.5,176.7,8.3
2025-09-29T20:14,114369,114369.00,0.00,0.463279,down,1,0.463279,0.00,-0.58,-31.4,30.4,-16.0,114369.00,0.00,0.467962,down,1,0.467962,0.00,-0.85,-59.9,50.6,-11.6,114369.00,0.00,0.500000,neutral,0,0.454455,0.00,-0.99,-231.4,178.9,-17.6
2025-09-29T20:29,114290.07,114290.07,0.00,0.473045,down,1,0.473045,0.00,-0.56,-30.9,30.0,-11.9,114290.07,0.00,0.475620,down,1,0.475620,0.00,-0.82,-59.1,50.0,1.0,114290.07,0.00,0.500000,neutral,0,0.462127,0.00,-0.95,-229.7,177.7,8.5
2025-09-29T20:44,114393.51,114393.51,0.00,0.451007,down,1,0.451007,0.00,-0.53,-29.2,28.2,-18.6,114393.51,0.00,0.459880,down,1,0.459880,0.00,-0.79,-55.8,47.2,-14.5,114393.51,0.00,0.500000,neutral,0,0.444194,0.00,-0.91,-218.2,168.8,-7.5
2025-09-29T20:59,114258.29,114258.29,0.00,0.457019,down,1,0.457019,0.00,-0.48,-27.8,26.9,-7.1,114258.29,0.00,0.459557,down,1,0.459557,0.00,-0.73,-53.3,45.1,4.7,114258.29,0.00,0.500000,neutral,0,0.458801,0.00,-0.86,-209.6,162.1,32.2
2025-09-29T21:14,114186.57,114186.57,0.00,0.466460,down,1,0.466460,0.00,-0.44,-26.5,25.8,-4.9,114186.57,0.00,0.461941,down,1,0.461941,0.00,-0.68,-51.1,43.2,10.6,114186.57,0.00,0.500000,neutral,0,0.464691,0.00,-0.83,-202.2,156.4,17.5
2025-09-29T21:29,114153.98,114153.98,0.00,0.457135,down,1,0.457135,0.00,-0.44,-26.1,25.4,-5.6,114153.98,0.00,0.455241,down,1,0.455241,0.00,-0.68,-50.4,42.6,1.5,114153.98,0.00,0.500000,neutral,0,0.459390,0.00,-0.81,-200.8,155.3,12.1
2025-09-29T21:44,114181.42,114181.42,0.00,0.463213,down,1,0.463213,0.00,-0.42,-25.7,25.0,-11.5,114181.42,0.00,0.456780,down,1,0.456780,0.00,-0.64,-49.7,42.1,17.9,114181.42,0.00,0.500000,neutral,0,0.462769,0.00,-0.80,-199.3,154.2,16.8
2025-09-29T21:59,114176.73,114176.73,0.00,0.466967,down,1,0.466967,0.00,-0.41,-25.8,25.1,1.1,114176.73,0.00,0.454495,down,1,0.454495,0.00,-0.64,-49.9,42.3,30.5,114176.73,0.00,0.500000,neutral,0,0.462535,0.00,-0.81,-201.3,155.8,-1.4
2025-09-29T22:14,114130.6,114130.60,0.00,0.470417,down,1,0.470417,0.00,-0.40,-24.9,24.2,9.2,114130.60,0.00,0.453749,down,1,0.453749,0.00,-0.62,-48.2,40.9,54.3,114130.60,0.00,0.500000,neutral,0,0.464605,0.00,-0.76,-195.6,151.4,-0.0
2025-09-29T22:29,114090.5,114090.50,0.00,0.470968,down,1,0.470968,0.00,-0.37,-24.1,23.5,18.4,114090.50,0.00,0.459965,down,1,0.459965,0.00,-0.59,-46.9,39.7,47.3,114090.50,0.00,0.500000,neutral,0,0.470390,0.00,-0.74,-191.4,148.2,-8.3
2025-09-29T22:44,114050.44,114050.44,0.00,0.471827,down,1,0.471827,0.00,-0.39,-23.8,23.1,15.6,114050.44,0.00,0.465161,down,1,0.465161,0.00,-0.59,-46.3,39.3,34.8,114050.44,0.00,0.500000,neutral,0,0.476026,0.00,-0.73,-190.3,147.3,-11.1
2025-09-29T22:59,114189.81,114189.81,0.00,0.457402,down,1,0.457402,0.00,-0.42,-23.4,22.7,10.7,114189.81,0.00,0.456947,down,1,0.456947,0.00,-0.62,-45.6,38.6,27.2,114189.81,0.00,0.500000,neutral,0,0.462227,0.00,-0.73,-188.3,145.7,-21.9
2025-09-29T23:14,114236,114236.00,0.00,0.466721,down,1,0.466721,0.00,-0.39,-23.4,22.8,6.3,114236.00,0.00,0.461418,down,1,0.461418,0.00,-0.62,-45.8,38.8,15.1,114236.00,0.00,0.500000,neutral,0,0.465406,0.00,-0.73,-190.4,147.3,-34.7
2025-09-29T23:29,114301,114301.00,0.00,0.466590,down,1,0.466590,0.00,-0.43,-23.5,22.7,-11.4,114301.00,0.00,0.455739,down,1,0.455739,0.00,-0.63,-45.9,38.8,15.0,114301.00,0.00,0.500000,neutral,0,0.461849,0.00,-0.74,-191.8,148.5,-29.3
2025-09-29T23:44,114227.96,114227.96,0.00,0.479188,down,1,0.479188,0.00,-0.41,-23.2,22.5,13.8,114227.96,0.00,0.466320,down,1,0.466320,0.00,-0.60,-45.4,38.5,21.6,114227.96,0.00,0.500000,neutral,0,0.470624,0.00,-0.73,-191.0,147.9,-22.5
2025-09-29T23:59,114311.96,114311.96,0.00,0.468717,down,1,0.468717,0.00,-0.41,-22.8,22.1,18.7,114311.96,0.00,0.459120,down,1,0.459120,0.00,-0.61,-44.9,37.9,12.6,114311.96,0.00,0.500000,neutral,0,0.466788,0.00,-0.74,-189.7,146.8,-23.0
2025-09-30T00:14,114307.89,114307.89,0.00,0.474666,down,1,0.474666,0.00,-0.26,-22.2,22.5,38.8,114307.89,0.00,0.461939,down,1,0.461939,0.00,-0.41,-43.0,40.4,7.0,114307.89,0.00,0.500000,neutral,0,0.465958,0.00,-0.54,-185.2,167.2,-13.3
2025-09-30T00:29,114170.71,114170.71,0.00,0.473992,down,1,0.473992,0.00,-0.28,-24.7,25.0,40.3,114170.71,0.00,0.471756,down,1,0.471756,0.00,-0.44,-47.8,45.0,13.6,114170.71,0.00,0.500000,neutral,0,0.481244,0.00,-0.63,-207.3,187.2,-13.0
2025-09-30T00:44,114386,114386.00,0.00,0.468785,down,1,0.468785,0.00,-0.26,-25.6,26.0,5.4,114386.00,0.00,0.459838,down,1,0.459838,0.00,-0.47,-49.8,46.8,3.7,114386.00,0.00,0.500000,neutral,0,0.458520,0.00,-0.64,-217.0,195.9,-36.5
2025-09-30T00:59,114525.97,114525.97,0.00,0.480230,down,1,0.480230,0.00,-0.29,-27.5,27.9,-2.2,114525.97,0.00,0.468894,down,1,0.468894,0.00,-0.50,-53.5,50.2,-13.1,114525.97,0.00,0.500000,neutral,0,0.469953,0.00,-0.73,-234.6,211.8,-25.0
2025-09-30T01:14,114751.75,114751.75,0.00,0.470974,down,1,0.470974,0.00,-0.30,-30.1,30.6,-29.9,114751.75,0.00,0.465608,down,1,0.465608,0.00,-0.56,-58.2,54.6,-38.5,114751.75,0.00,0.500000,neutral,0,0.460427,0.00,-0.79,-254.2,229.4,-35.2
2025-09-30T01:29,114631.2,114631.20,0.00,0.477453,down,1,0.477453,0.00,-0.28,-29.5,30.0,-13.9,114631.20,0.00,0.467884,down,1,0.467884,0.00,-0.54,-56.6,53.1,-39.0,114631.20,0.00,0.500000,neutral,0,0.465649,0.00,-0.76,-246.2,222.2,-23.0
2025-09-30T01:44,114448.31,114448.31,0.00,0.475180,down,1,0.475180,0.00,-0.24,-30.1,30.7,2.3,114448.31,0.00,0.478035,down,1,0.478035,0.00,-0.53,-57.9,54.4,-21.3,114448.31,0.00,0.500000,neutral,0,0.482475,0.00,-0.79,-253.6,228.9,-3.1
2025-09-30T01:59,114500.31,114500.31,0.00,0.470825,down,1,0.470825,0.00,-0.26,-28.8,29.3,-3.9,114500.31,0.00,0.472034,down,1,0.472034,0.00,-0.51,-55.4,52.1,-35.8,114500.31,0.00,0.500000,neutral,0,0.472214,0.00,-0.77,-244.2,220.4,4.3
2025-09-30T02:14,114408.59,114408.59,0.00,0.476825,down,1,0.476825,0.00,-0.31,-27.8,28.2,-1.8,114408.59,0.00,0.480856,down,1,0.480856,0.00,-0.48,-53.6,50.4,-24.7,114408.59,0.00,0.500000,neutral,0,0.482201,0.00,-0.75,-237.4,214.3,6.3
2025-09-30T02:29,114472.48,114472.48,0.00,0.479313,down,1,0.479313,0.00,-0.26,-27.0,27.4,-12.8,114472.48,0.00,0.477246,down,1,0.477246,0.00,-0.46,-52.1,49.0,-46.6,114472.48,0.00,0.500000,neutral,0,0.475880,0.00,-0.75,-232.5,209.8,-3.9
2025-09-30T02:44,114475.01,114475.01,0.00,0.472964,down,1,0.472964,0.00,-0.32,-25.2,25.5,-4.1,114475.01,0.00,0.473254,down,1,0.473254,0.00,-0.54,-48.8,45.7,-43.7,114475.01,0.00,0.500000,neutral,0,0.469336,0.00,-0.64,-218.6,197.4,-13.1
2025-09-30T02:59,114455.96,114455.96,0.00,0.479179,down,1,0.479179,0.00,-0.29,-24.9,25.2,-7.0,114455.96,0.00,0.475965,down,1,0.475965,0.00,-0.54,-48.4,45.3,-48.3,114455.96,0.00,0.500000,neutral,0,0.468333,0.00,-0.64,-217.8,196.6,-16.1
2025-09-30T03:14,114388.01,114388.01,0.00,0.478378,down,1,0.478378,0.00,-0.26,-23.7,24.1,-6.8,114388.01,0.00,0.475695,down,1,0.475695,0.00,-0.51,-46.2,43.3,-38.2,114388.01,0.00,0.500000,neutral,0,0.472671,0.00,-0.60,-209.3,189.0,4.0
2025-09-30T03:29,114326.07,114326.07,0.00,0.475227,down,1,0.475227,0.00,-0.26,-23.3,23.7,-12.3,114326.07,0.00,0.475598,down,1,0.475598,0.00,-0.50,-45.5,42.6,-35.5,114326.07,0.00,0.500000,neutral,0,0.474917,0.00,-0.61,-207.3,187.2,12.7
2025-09-30T03:44,114427.86,114427.86,0.00,0.472913,down,1,0.472913,0.00,-0.26,-23.2,23.5,-19.5,114427.86,0.00,0.471836,down,1,0.471836,0.00,-0.51,-45.3,42.4,-36.8,114427.86,0.00,0.500000,neutral,0,0.468417,0.00,-0.59,-207.6,187.5,-9.5
2025-09-30T03:59,114376.39,114376.39,0.00,0.482826,down,0,0.482826,0.00,-0.25,-22.6,22.9,-24.9,114376.39,0.00,0.481414,down,1,0.481414,0.00,-0.49,-44.2,41.4,-42.5,114376.39,0.00,0.500000,neutral,0,0.475830,0.00,-0.62,-203.8,184.0,-17.5
2025-09-30T04:14,114310.48,114310.48,0.00,0.486469,down,0,0.486469,0.00,-0.26,-22.0,22.3,-16.1,114310.48,0.00,0.483209,down,1,0.483209,0.00,-0.48,-43.1,40.4,-34.1,114310.48,0.00,0.500000,neutral,0,0.481760,0.00,-0.59,-200.1,180.7,2.3
2025-09-30T04:29,114185.32,114185.32,0.00,0.489340,down,0,0.489340,0.00,-0.30,-22.0,22.2,-21.5,114185.32,0.00,0.483986,down,1,0.483986,0.00,-0.47,-43.1,40.4,-20.4,114185.32,0.00,0.500000,neutral,0,0.486624,0.00,-0.48,-201.3,182.0,35.2
2025-09-30T04:44,114204.85,114204.85,0.00,0.486890,down,0,0.486890,0.00,-0.28,-22.1,22.4,-20.1,114204.85,0.00,0.485187,down,0,0.485187,0.00,-0.48,-43.5,40.7,-50.0,114204.85,0.00,0.500000,neutral,0,0.486541,0.00,-0.49,-204.2,184.6,30.3
2025-09-30T04:59,114091.63,114091.63,0.00,0.498939,neutral,0,0.498939,0.00,-0.32,-22.5,22.7,-16.5,114091.63,0.00,0.492865,down,0,0.492865,0.00,-0.47,-43.4,40.6,-34.5,114091.63,0.00,0.500000,neutral,0,0.491611,0.00,-0.52,-204.9,185.2,17.3
2025-09-30T05:14,114126.22,114126.22,0.00,0.490251,down,0,0.490251,0.00,-0.34,-23.0,23.2,-15.2,114126.22,0.00,0.486811,down,0,0.486811,0.00,-0.49,-44.5,41.7,-37.1,114126.22,0.00,0.500000,neutral,0,0.487313,0.00,-0.49,-211.3,191.0,42.0
2025-09-30T05:29,113939.97,113939.97,0.00,0.498886,neutral,0,0.498886,0.00,-0.30,-23.2,23.5,-1.7,113939.97,0.00,0.493732,down,0,0.493732,0.00,-0.46,-45.0,42.2,-32.0,113939.97,0.00,0.500000,neutral,0,0.499882,0.00,-0.52,-215.3,194.6,58.9
2025-09-30T05:44,113975.33,113975.33,0.00,0.493769,down,0,0.493769,0.00,-0.30,-23.0,23.2,2.8,113975.33,0.00,0.493972,down,0,0.493972,0.00,-0.46,-44.5,41.8,-45.7,113975.33,0.00,0.500000,neutral,0,0.496159,0.00,-0.54,-214.3,193.7,52.0
2025-09-30T05:59,113904,113904.00,0.00,0.498839,neutral,0,0.498839,0.00,-0.30,-23.3,23.6,-1.1,113904.00,0.00,0.494832,down,0,0.494832,0.00,-0.47,-45.4,42.5,-39.8,113904.00,0.00,0.500000,neutral,0,0.496676,0.00,-0.52,-219.5,198.4,58.3
2025-09-30T06:14,113952.4,113952.40,0.00,0.493501,down,0,0.493501,0.00,-0.35,-23.1,23.3,-2.7,113952.40,0.00,0.489844,down,0,0.489844,0.00,-0.47,-45.0,42.2,-64.3,113952.40,0.00,0.500000,neutral,0,0.491839,0.00,-0.49,-219.0,198.0,53.1
2025-09-30T06:29,113921.16,113921.16,0.00,0.498708,neutral,0,0.498708,0.00,-0.31,-22.6,22.8,2.8,113921.16,0.00,0.488706,down,0,0.488706,0.00,-0.44,-44.1,41.4,-58.7,113921.16,0.00,0.500000,neutral,0,0.490488,0.00,-0.40,-216.1,195.6,40.9
2025-09-30T06:44,114007.67,114007.67,0.00,0.488438,down,0,0.488438,0.00,-0.35,-22.8,22.9,-32.7,114007.67,0.00,0.485413,down,0,0.485413,0.00,-0.49,-44.6,41.7,-90.2,114007.67,0.00,0.500000,neutral,0,0.487389,0.00,-0.40,-219.3,198.5,44.2
2025-09-30T06:59,113891.64,113891.64,0.00,0.507503,up,0,0.507503,0.00,-0.33,-22.1,22.2,-16.9,113891.64,0.00,0.489202,down,0,0.489202,0.00,-0.46,-43.3,40.5,-97.9,113891.64,0.00,0.500000,neutral,0,0.496306,0.00,-0.39,-214.3,194.0,32.0
2025-09-30T07:14,113921.45,113921.45,0.00,0.494968,down,0,0.494968,0.00,-0.32,-21.2,21.3,-19.2,113921.45,0.00,0.482998,down,1,0.482998,0.00,-0.45,-41.6,39.0,-93.7,113921.45,0.00,0.500000,neutral,0,0.490348,0.00,-0.37,-207.4,187.7,38.4
2025-09-30T07:29,113952.52,113952.52,0.00,0.485182,down,0,0.485182,0.00,-0.32,-20.7,20.8,-33.1,113952.52,0.00,0.482070,down,1,0.482070,0.00,-0.44,-40.7,38.2,-98.3,113952.52,0.00,0.500000,neutral,0,0.491608,0.00,-0.37,-204.1,184.8,54.0
2025-09-30T07:44,113635.77,113635.77,0.00,0.493577,down,0,0.493577,0.00,-0.31,-22.1,22.3,-15.8,113635.77,0.00,0.493652,down,0,0.493652,0.00,-0.48,-43.2,40.4,-65.2,113635.77,0.00,0.500000,neutral,0,0.512311,0.00,-0.40,-215.5,195.1,79.0
2025-09-30T07:59,113699.23,113699.23,0.00,0.487719,down,0,0.487719,0.00,-0.33,-22.3,22.5,-21.8,113699.23,0.00,0.490944,down,0,0.490944,0.00,-0.50,-43.6,40.8,-68.5,113699.23,0.00,0.500000,neutral,0,0.503874,0.00,-0.40,-218.8,198.1,73.6
2025-09-30T08:14,113703.34,113703.34,0.00,0.486686,down,0,0.486686,0.00,-0.32,-22.1,22.2,-42.4,113703.34,0.00,0.493986,down,0,0.493986,0.00,-0.49,-43.2,40.5,-72.6,113703.34,0.00,0.500000,neutral,0,0.507814,0.00,-0.40,-218.3,197.6,76.6
2025-09-30T08:29,113575.85,113575.85,0.00,0.493956,down,0,0.493956,0.00,-0.31,-23.0,23.2,-28.4,113575.85,0.00,0.496959,neutral,0,0.496959,0.00,-0.49,-44.3,41.4,-57.3,113575.85,0.00,0.500000,neutral,0,0.511754,0.00,-0.40,-224.9,203.5,132.4
2025-09-30T08:44,113455.83,113455.83,0.00,0.494580,down,0,0.494580,0.00,-0.29,-22.1,22.3,-41.7,113455.83,0.00,0.498589,neutral,0,0.498589,0.00,-0.48,-43.1,40.4,-39.2,113455.83,0.00,0.500000,neutral,0,0.509636,0.00,-0.39,-217.2,196.6,190.3
2025-09-30T08:59,113451.89,113451.89,0.00,0.495645,neutral,0,0.495645,0.00,-0.29,-21.9,22.1,-59.2,113451.89,0.00,0.498257,neutral,0,0.498257,0.00,-0.47,-42.8,40.1,-35.0,113451.89,0.00,0.500000,neutral,0,0.507509,0.00,-0.38,-216.8,196.2,231.7
2025-09-30T09:14,113221.79,113221.79,0.00,0.503231,neutral,0,0.503231,0.00,-0.29,-23.1,23.4,-32.1,113221.79,0.00,0.507282,up,0,0.507282,0.00,-0.47,-44.8,42.0,-17.7,113221.79,0.00,0.500000,neutral,0,0.523213,0.00,-0.48,-225.3,203.8,263.1
2025-09-30T09:29,113254.29,113254.29,0.00,0.495600,neutral,0,0.495600,0.00,-0.28,-22.8,23.1,-36.8,113254.29,0.00,0.499327,neutral,0,0.499327,0.00,-0.47,-43.9,41.1,-14.9,113254.29,0.00,0.500000,neutral,0,0.512192,0.00,-0.44,-218.5,197.7,260.2
2025-09-30T09:44,112983.67,112983.67,0.00,0.507518,up,0,0.507518,0.00,-0.25,-24.9,25.3,-7.6,112983.67,0.00,0.505006,up,0,0.505006,0.00,-0.48,-47.6,44.7,22.3,112983.67,0.00,0.500000,neutral,0,0.523704,0.00,-0.49,-235.3,212.8,296.7
2025-09-30T09:59,112781.97,112781.97,0.00,0.501210,neutral,0,0.501210,0.00,-0.25,-25.9,26.4,12.5,112781.97,0.00,0.510571,up,0,0.510571,0.00,-0.47,-49.1,46.1,19.5,112781.97,0.00,0.500000,neutral,0,0.533360,0.00,-0.50,-240.5,217.5,316.8
2025-09-30T10:14,112858.71,112858.71,0.00,0.501512,neutral,0,0.501512,0.00,-0.26,-27.6,28.1,2.0,112858.71,0.00,0.507378,up,0,0.507378,0.00,-0.51,-52.0,48.8,16.1,112858.71,0.00,0.500000,neutral,0,0.521802,0.00,-0.54,-252.3,228.2,297.5
2025-09-30T10:29,112837.82,112837.82,0.00,0.499125,neutral,0,0.499125,0.00,-0.26,-29.2,29.8,7.9,112837.82,0.00,0.505991,up,0,0.505991,0.00,-0.52,-54.6,51.2,42.6,112837.82,0.00,0.500000,neutral,0,0.521009,0.00,-0.54,-262.3,237.3,297.1
2025-09-30T10:44,112897.77,112897.77,0.00,0.493550,down,0,0.493550,0.00,-0.31,-27.6,28.0,10.2,112897.77,0.00,0.500856,neutral,0,0.500856,0.00,-0.52,-52.1,48.9,55.7,112897.77,0.00,0.500000,neutral,0,0.511443,0.00,-0.50,-248.3,224.6,294.8
2025-09-30T10:59,112923.49,112923.49,0.00,0.497990,neutral,0,0.497990,0.00,-0.31,-27.2,27.6,11.6,112923.49,0.00,0.496280,neutral,0,0.496280,0.00,-0.52,-52.0,48.8,42.5,112923.49,0.00,0.500000,neutral,0,0.507619,0.00,-0.41,-245.2,222.0,293.0
2025-09-30T11:14,112881.09,112881.09,0.00,0.506522,up,0,0.506522,0.00,-0.29,-25.3,25.6,12.5,112881.09,0.00,0.495557,neutral,0,0.495557,0.00,-0.48,-48.8,45.8,22.6,112881.09,0.00,0.500000,neutral,0,0.507128,0.00,-0.45,-228.4,206.7,304.9
2025-09-30T11:29,112927.45,112927.45,0.00,0.500683,neutral,0,0.500683,0.00,-0.23,-24.3,24.7,14.0,112927.45,0.00,0.493384,down,0,0.493384,0.00,-0.47,-47.5,44.6,15.3,112927.45,0.00,0.500000,neutral,0,0.501638,0.00,-0.43,-220.3,199.3,296.3
2025-09-30T11:44,113012.51,113012.51,0.00,0.501420,neutral,0,0.501420,0.00,-0.26,-24.4,24.8,19.8,113012.51,0.00,0.490377,down,0,0.490377,0.00,-0.48,-47.9,45.0,18.6,113012.51,0.00,0.500000,neutral,0,0.499057,0.00,-0.36,-222.3,201.3,310.4
2025-09-30T11:59,113055.01,113055.01,0.00,0.500015,neutral,0,0.500015,0.00,-0.30,-24.3,24.5,-4.7,113055.01,0.00,0.490652,down,0,0.490652,0.00,-0.48,-47.6,44.6,47.7,113055.01,0.00,0.500000,neutral,0,0.500403,0.00,-0.36,-220.9,200.0,325.0
2025-09-30T12:14,113021.92,113021.92,0.00,0.505136,up,0,0.505136,0.00,-0.27,-24.4,24.8,1.6,113021.92,0.00,0.493355,down,0,0.493355,0.00,-0.49,-48.1,45.1,17.5,113021.92,0.00,0.500000,neutral,0,0.500560,0.00,-0.42,-223.6,202.3,317.6
2025-09-30T12:29,113085.52,113085.52,0.00,0.502412,neutral,0,0.502412,0.00,-0.27,-23.9,24.3,20.7,113085.52,0.00,0.491922,down,0,0.491922,0.00,-0.48,-47.2,44.3,-3.1,113085.52,0.00,0.500000,neutral,0,0.495488,0.00,-0.44,-219.7,198.7,308.9
2025-09-30T12:44,113236.46,113236.46,0.00,0.502253,neutral,0,0.502253,0.00,-0.29,-23.7,24.0,25.7,113236.46,0.00,0.488680,down,0,0.488680,0.00,-0.49,-46.8,43.9,-15.5,113236.46,0.00,0.500000,neutral,0,0.491949,0.00,-0.44,-218.2,197.4,280.1
2025-09-30T12:59,113002.06,113002.06,0.00,0.510177,up,0,0.510177,0.00,-0.28,-23.9,24.2,35.6,113002.06,0.00,0.499818,neutral,0,0.499818,0.00,-0.47,-47.4,44.4,9.2,113002.06,0.00,0.500000,neutral,0,0.507971,0.00,-0.45,-220.9,199.8,296.5
2025-09-30T13:14,113040.43,113040.43,0.00,0.502170,neutral,0,0.502170,0.00,-0.29,-25.2,25.5,8.4,113040.43,0.00,0.496559,neutral,0,0.496559,0.00,-0.50,-49.9,46.8,2.6,113040.43,0.00,0.500000,neutral,0,0.502721,0.00,-0.47,-233.1,210.9,304.4
2025-09-30T13:29,113319.99,113319.99,0.00,0.497261,neutral,0,0.497261,0.00,-0.28,-26.5,26.9,-19.4,113319.99,0.00,0.491195,down,0,0.491195,0.00,-0.55,-52.8,49.5,-22.8,113319.99,0.00,0.500000,neutral,0,0.492912,0.00,-0.41,-246.5,223.1,288.5
2025-09-30T13:44,113528.27,113528.27,0.00,0.504323,neutral,0,0.504323,0.00,-0.22,-26.8,27.4,-26.9,113528.27,0.00,0.499372,neutral,0,0.499372,0.00,-0.50,-53.0,49.8,-52.8,113528.27,0.00,0.500000,neutral,0,0.495269,0.00,-0.54,-245.6,222.1,259.6
2025-09-30T13:59,113404.53,113404.53,0.00,0.504878,neutral,0,0.504878,0.00,-0.18,-30.4,31.1,16.8,113404.53,0.00,0.502354,neutral,0,0.502354,0.00,-0.00,-58.5,56.1,-49.8,113404.53,0.00,0.500000,neutral,0,0.503728,0.00,-0.50,-274.1,248.1,295.6
2025-09-30T14:14,113135.93,113135.93,0.00,0.510017,up,0,0.510017,0.00,-0.19,-33.2,34.0,7.4,113135.93,0.00,0.509234,up,0,0.509234,0.00,0.02,-64.1,61.4,-0.2,113135.93,0.00,0.500000,neutral,0,0.515149,0.00,-0.52,-300.4,272.0,351.6
2025-09-30T14:29,113100.78,113100.78,0.00,0.522272,up,1,0.522272,0.00,-0.22,-33.7,34.5,-4.5,113100.78,0.00,0.518586,up,1,0.518586,0.00,0.04,-65.2,62.5,12.6,113100.78,0.00,0.500000,neutral,0,0.520047,0.00,-0.57,-305.8,276.8,350.6
2025-09-30T14:44,113223.17,113223.17,0.00,0.519264,up,1,0.519264,0.00,-0.23,-34.0,34.8,-14.3,113223.17,0.00,0.516736,up,1,0.516736,0.00,0.04,-64.5,61.9,6.1,113223.17,0.00,0.500000,neutral,0,0.512885,0.00,-0.56,-303.2,274.4,354.9
2025-09-30T14:59,113595.05,113595.05,0.00,0.513013,up,0,0.513013,0.00,-0.11,-33.6,34.6,-43.1,113595.05,0.00,0.512058,up,0,0.512058,0.00,0.00,-64.7,62.0,-30.8,113595.05,0.00,0.500000,neutral,0,0.497412,0.00,-0.56,-301.3,272.7,320.3
2025-09-30T15:14,113219.51,113219.51,0.00,0.534264,up,1,0.534264,0.00,-0.19,-31.9,32.6,-13.3,113219.51,0.00,0.525934,up,1,0.525934,0.00,0.02,-61.4,58.8,25.9,113219.51,0.00,0.500000,neutral,0,0.518015,0.00,-0.53,-285.9,258.8,349.1
2025-09-30T15:29,113050.33,113050.33,0.00,0.521809,up,1,0.521809,0.00,-0.12,-31.3,32.2,1.0,113050.33,0.00,0.527308,up,1,0.527308,0.00,0.02,-60.6,58.1,36.7,113050.33,0.00,0.500000,neutral,0,0.518780,0.00,-0.53,-282.6,255.8,386.0
2025-09-30T15:44,113060.82,113060.82,0.00,0.517062,up,1,0.517062,0.00,-0.13,-32.2,33.1,-11.5,113060.82,0.00,0.525043,up,1,0.525043,0.00,0.03,-62.4,59.8,35.1,113060.82,0.00,0.500000,neutral,0,0.518213,0.00,-0.55,-291.4,263.7,384.5
2025-09-30T15:59,113106.16,113106.16,0.00,0.515767,up,0,0.515767,0.00,-0.17,-31.0,31.8,-23.4,113106.16,0.00,0.528274,up,1,0.528274,0.00,0.03,-58.9,56.5,53.6,113106.16,0.00,0.500000,neutral,0,0.520259,0.00,-0.52,-275.2,249.1,374.6
2025-09-30T16:14,113069.39,113069.39,0.00,0.514252,up,0,0.514252,0.00,-0.09,-29.2,30.1,5.7,113069.39,0.00,0.523400,up,1,0.523400,0.00,0.02,-55.8,53.5,70.4,113069.39,0.00,0.500000,neutral,0,0.515813,0.00,-0.49,-261.0,236.2,407.6
2025-09-30T16:29,113062.01,113062.01,0.00,0.516892,up,1,0.516892,0.00,-0.07,-29.6,30.6,16.0,113062.01,0.00,0.524693,up,1,0.524693,0.00,0.01,-56.7,54.3,77.9,113062.01,0.00,0.500000,neutral,0,0.514915,0.00,-0.47,-265.5,240.3,415.8
2025-09-30T16:44,112930.64,112930.64,0.00,0.520716,up,1,0.520716,0.00,-0.08,-28.6,29.5,32.0,112930.64,0.00,0.525344,up,1,0.525344,0.00,0.02,-54.8,52.6,112.9,112930.64,0.00,0.500000,neutral,0,0.519678,0.00,-0.52,-257.2,232.7,427.6
2025-09-30T16:59,112841.24,112841.24,0.00,0.530620,up,1,0.530620,0.00,-0.04,-27.7,28.7,35.8,112841.24,0.00,0.528746,up,1,0.528746,0.00,0.03,-53.3,51.1,133.7,112841.24,0.00,0.500000,neutral,0,0.524057,0.00,-0.45,-250.2,226.5,407.6
2025-09-30T17:14,113133.6,113133.60,0.00,0.511141,up,0,0.511141,0.00,-0.13,-29.6,30.5,33.5,113133.60,0.00,0.515823,up,1,0.515823,0.00,-0.00,-57.0,54.6,91.0,113133.60,0.00,0.500000,neutral,0,0.507425,0.00,-0.48,-267.5,242.1,361.6
2025-09-30T17:29,113243,113243.00,0.00,0.528485,up,1,0.528485,0.00,-0.17,-28.6,29.3,19.6,113243.00,0.00,0.514052,up,0,0.514052,0.00,-0.01,-55.0,52.7,100.5,113243.00,0.00,0.500000,neutral,0,0.504548,0.00,-0.49,-258.6,234.0,358.9
2025-09-30T17:44,113292.36,113292.36,0.00,0.529735,up,1,0.529735,0.00,-0.14,-29.8,30.6,14.7,113292.36,0.00,0.513043,up,0,0.513043,0.00,-0.02,-56.4,54.0,89.2,113292.36,0.00,0.500000,neutral,0,0.502836,0.00,-0.59,-265.5,240.1,334.7
2025-09-30T17:59,113246.11,113246.11,0.00,0.524572,up,1,0.524572,0.00,-0.19,-32.1,32.9,41.3,113246.11,0.00,0.514083,up,0,0.514083,0.00,-0.02,-59.5,57.0,121.1,113246.11,0.00,0.500000,neutral,0,0.505807,0.00,-0.62,-280.5,253.7,306.3
2025-09-30T18:14,113513.52,113513.52,0.00,0.508099,up,0,0.508099,0.00,-0.05,-32.3,33.4,31.2,113513.52,0.00,0.505649,up,0,0.505649,0.00,0.04,-59.1,56.7,76.6,113513.52,0.00,0.500000,neutral,0,0.492577,0.00,-0.54,-279.0,252.5,307.3
2025-09-30T18:29,113465.66,113465.66,0.00,0.516324,up,0,0.516324,0.00,-0.09,-32.3,33.3,42.2,113465.66,0.00,0.514993,up,0,0.514993,0.00,0.06,-59.1,56.7,72.6,113465.66,0.00,0.500000,neutral,0,0.501275,0.00,-0.57,-279.4,252.7,309.1
2025-09-30T18:44,113458.81,113458.81,0.00,0.513744,up,0,0.513744,0.00,-0.18,-31.3,32.1,66.2,113458.81,0.00,0.509577,up,0,0.509577,0.00,0.05,-57.2,54.9,80.2,113458.81,0.00,0.500000,neutral,0,0.497456,0.00,-0.53,-270.4,244.7,313.7
2025-09-30T18:59,113714.56,113714.56,0.00,0.515434,up,0,0.515434,0.00,-0.04,-31.0,32.0,56.6,113714.56,0.00,0.504010,neutral,0,0.504010,0.00,0.02,-55.9,53.5,39.2,113714.56,0.00,0.500000,neutral,0,0.482610,0.00,-0.53,-264.3,239.1,304.8
2025-09-30T19:14,113868.09,113868.09,0.00,0.514559,up,0,0.514559,0.00,0.02,-30.8,32.0,26.3,113868.09,0.00,0.507616,up,0,0.507616,0.00,0.02,-56.3,54.0,23.0,113868.09,0.00,0.500000,neutral,0,0.485792,0.00,-0.59,-264.3,239.0,305.3
2025-09-30T19:29,113945.66,113945.66,0.00,0.509458,up,0,0.509458,0.00,-0.00,-31.1,32.2,38.7,113945.66,0.00,0.502018,neutral,0,0.502018,0.00,0.01,-56.3,54.0,4.4,113945.66,0.00,0.500000,neutral,0,0.480685,0.00,-0.58,-261.8,236.8,304.7
2025-09-30T19:44,114212.51,114212.51,0.00,0.500690,neutral,0,0.500690,0.00,-0.01,-33.7,34.9,8.3,114212.51,0.00,0.492403,down,0,0.492403,0.00,-0.02,-60.6,58.0,-25.3,114212.51,0.00,0.500000,neutral,0,0.473674,0.00,-0.73,-279.1,252.2,286.9
2025-09-30T19:59,114359.99,114359.99,0.00,0.487313,down,0,0.487313,0.00,0.05,-34.8,36.1,23.3,114359.99,0.00,0.491489,down,0,0.491489,0.00,-0.00,-62.2,59.6,-36.8,114359.99,0.00,0.500000,neutral,0,0.475022,0.00,-0.61,-283.7,256.6,265.7
2025-09-30T20:14,114167.71,114167.71,0.00,0.499009,neutral,0,0.499009,0.00,0.06,-34.0,35.3,19.1,114167.71,0.00,0.497000,neutral,0,0.497000,0.00,0.04,-61.4,58.9,-28.7,114167.71,0.00,0.500000,neutral,0,0.487837,0.00,-0.59,-278.0,251.5,263.1
2025-09-30T20:29,114387.29,114387.29,0.00,0.486837,down,0,0.486837,0.00,0.08,-35.9,37.4,-8.3,114387.29,0.00,0.493814,down,0,0.493814,0.00,0.02,-64.5,61.8,-36.9,114387.29,0.00,0.500000,neutral,0,0.479016,0.00,-0.66,-289.2,261.5,259.4
2025-09-30T20:44,114307.51,114307.51,0.00,0.497745,neutral,0,0.497745,0.00,0.06,-33.8,35.1,5.7,114307.51,0.00,0.496285,neutral,0,0.496285,0.00,0.04,-61.4,58.8,-29.4,114307.51,0.00,0.500000,neutral,0,0.485522,0.00,-0.64,-272.7,246.6,265.0
2025-09-30T20:59,114626.36,114626.36,0.00,0.477222,down,1,0.477222,0.00,0.01,-34.0,35.2,-40.7,114626.36,0.00,0.474030,down,1,0.474030,0.00,-0.04,-62.4,59.7,-50.5,114626.36,0.00,0.500000,neutral,0,0.471105,0.00,-0.85,-274.9,248.2,250.7
2025-09-30T21:14,114386.13,114386.13,0.00,0.494637,down,0,0.494637,0.00,0.10,-34.8,36.2,-22.4,114386.13,0.00,0.485611,down,0,0.485611,0.00,0.01,-64.8,62.1,-20.1,114386.13,0.00,0.500000,neutral,0,0.485276,0.00,-0.64,-282.6,255.5,275.3
2025-09-30T21:29,114292.18,114292.18,0.00,0.490866,down,0,0.490866,0.00,0.08,-33.7,35.1,-25.9,114292.18,0.00,0.492411,down,0,0.492411,0.00,0.02,-63.6,60.9,-23.7,114292.18,0.00,0.500000,neutral,0,0.494231,0.00,-0.64,-274.9,248.6,276.0
2025-09-30T21:44,114372.93,114372.93,0.00,0.489960,down,0,0.489960,0.00,0.07,-35.5,36.9,-39.4,114372.93,0.00,0.490742,down,0,0.490742,0.00,0.02,-67.6,64.8,-35.4,114372.93,0.00,0.500000,neutral,0,0.492327,0.00,-0.71,-290.0,262.1,258.3
2025-09-30T21:59,114161,114161.00,0.00,0.515295,up,0,0.515295,0.00,0.07,-34.8,36.2,-19.3,114161.00,0.00,0.509165,up,0,0.509165,0.00,0.07,-65.2,62.6,6.9,114161.00,0.00,0.500000,neutral,0,0.509348,0.00,-0.66,-279.9,253.0,293.0
2025-09-30T22:14,114130.31,114130.31,0.00,0.509995,up,0,0.509995,0.00,-0.01,-34.5,35.7,-25.5,114130.31,0.00,0.509171,up,0,0.509171,0.00,0.06,-64.6,62.0,19.1,114130.31,0.00,0.500000,neutral,0,0.504709,0.00,-0.65,-277.5,250.9,319.4
2025-09-30T22:29,113995.99,113995.99,0.00,0.516361,up,1,0.516361,0.00,0.06,-33.8,35.1,-2.6,113995.99,0.00,0.518265,up,1,0.518265,0.00,0.07,-63.4,60.9,32.6,113995.99,0.00,0.500000,neutral,0,0.508577,0.00,-0.62,-272.9,246.7,328.3
2025-09-30T22:44,113923.59,113923.59,0.00,0.523257,up,1,0.523257,0.00,0.05,-32.5,33.8,4.2,113923.59,0.00,0.519345,up,1,0.519345,0.00,-0.00,-59.9,57.4,42.9,113923.59,0.00,0.500000,neutral,0,0.512191,0.00,-0.59,-257.8,233.1,322.1
2025-09-30T22:59,113940.39,113940.39,0.00,0.527568,up,1,0.527568,0.00,0.05,-31.7,33.0,9.5,113940.39,0.00,0.518506,up,1,0.518506,0.00,-0.04,-58.7,56.2,53.4,113940.39,0.00,0.500000,neutral,0,0.504886,0.00,-0.58,-252.8,228.6,328.5
2025-09-30T23:14,113839.99,113839.99,0.00,0.536939,up,1,0.536939,0.00,0.06,-30.3,31.5,27.7,113839.99,0.00,0.521017,up,1,0.521017,0.00,-0.11,-56.3,53.7,56.2,113839.99,0.00,0.500000,neutral,0,0.510518,0.00,0.33,-241.4,220.0,354.4
2025-09-30T23:29,113966.17,113966.17,0.00,0.523133,up,1,0.523133,0.00,0.05,-31.3,32.5,4.9,113966.17,0.00,0.513308,up,0,0.513308,0.00,-0.04,-58.1,55.6,40.4,113966.17,0.00,0.500000,neutral,0,0.499494,0.00,-0.56,-250.7,226.7,377.7
2025-09-30T23:44,113971.49,113971.49,0.00,0.522625,up,1,0.522625,0.00,0.07,-31.5,32.8,-0.2,113971.49,0.00,0.513493,up,0,0.513493,0.00,0.08,-58.6,56.3,30.9,113971.49,0.00,0.500000,neutral,0,0.495902,0.00,0.38,-252.4,230.1,373.6
2025-09-30T23:59,114048.93,114048.93,0.00,0.524853,up,1,0.524853,0.00,0.07,-31.0,32.3,16.7,114048.93,0.00,0.512035,up,0,0.512035,0.00,0.07,-57.9,55.6,19.6,114048.93,0.00,0.500000,neutral,0,0.492199,0.00,-0.56,-250.5,226.5,390.9
