issued_utc,price,1h_est_bp,1h_p_up,1h_confident,1h_lo80_bp,1h_hi80_bp,1h_actual_bp,3h_est_bp,3h_p_up,3h_confident,3h_lo80_bp,3h_hi80_bp,3h_actual_bp,24h_est_bp,24h_p_up,24h_confident,24h_lo80_bp,24h_hi80_bp,24h_actual_bp
2025-09-25T00:14,113480,0.1,0.4937,0,-27.5,28.1,-18.6,0.2,0.4976,0,-54.6,49.9,-65.1,0.3,0.5016,0,-160.2,121.1,-375.2
2025-09-25T00:29,113131,0.2,0.5149,1,-27.3,28.1,-4.5,0.3,0.5118,0,-54.2,49.7,-68.0,0.3,0.5145,1,-159.4,120.5,-344.5
2025-09-25T00:44,113193.73,0.1,0.5049,0,-27.2,27.9,-43.7,0.3,0.5064,0,-54.0,49.4,-67.0,0.3,0.5094,0,-158.6,119.8,-395.0
2025-09-25T00:59,113062.35,0.2,0.5104,0,-27.9,28.7,-35.5,0.3,0.5123,0,-55.4,50.9,-45.8,0.3,0.5143,1,-163.1,123.2,-322.7
2025-09-25T01:14,113269,0.2,0.5054,0,-28.9,29.7,-53.1,0.3,0.5047,0,-57.6,52.8,-87.7,0.3,0.5096,0,-169.4,127.9,-325.7
2025-09-25T01:29,113079.98,0.2,0.5158,1,-28.6,29.4,-30.6,0.2,0.5114,0,-57.4,52.5,-101.1,0.3,0.5128,1,-168.5,127.3,-316.2
2025-09-25T01:44,112700,0.2,0.5182,1,-30.7,31.7,19.0,0.3,0.5179,1,-60.6,55.5,-71.3,0.4,0.5203,1,-178.1,134.6,-274.4
2025-09-25T01:59,112661.24,0.2,0.5056,0,-32.7,33.7,21.8,0.3,0.5103,0,-63.6,58.2,-82.5,0.4,0.5119,1,-186.8,141.2,-268.1
2025-09-25T02:14,112669.56,0.2,0.5144,1,-34.0,35.0,6.6,0.4,0.5136,1,-64.9,59.6,-73.2,0.4,0.5148,1,-190.9,144.3,-270.9
2025-09-25T02:29,112734.99,0.2,0.5125,1,-35.2,36.2,-32.9,0.3,0.5113,0,-66.1,60.5,-67.0,0.4,0.5126,1,-194.3,146.8,-284.9
2025-09-25T02:44,112914.25,0.1,0.5043,0,-38.5,39.3,-42.3,0.3,0.5060,0,-72.4,66.3,-101.2,0.5,0.5055,0,-212.7,160.8,-296.1
2025-09-25T02:59,112907.38,0.1,0.5077,0,-37.0,37.7,-32.0,0.2,0.5057,0,-70.0,63.8,-103.0,0.5,0.5079,0,-205.2,155.1,-295.3
2025-09-25T03:14,112743.61,0.1,0.5142,1,-35.7,36.5,-41.2,0.2,0.5110,0,-68.3,62.4,-102.5,0.5,0.5084,0,-198.8,150.4,-289.3
2025-09-25T03:29,112364.74,0.2,0.5296,1,-36.0,36.9,-37.6,0.3,0.5246,1,-69.8,63.9,-59.3,0.5,0.5163,1,-201.8,152.6,-272.5
2025-09-25T03:44,112437.7,0.2,0.5324,1,-33.1,34.1,-48.0,0.3,0.5280,1,-63.8,58.4,-72.5,0.4,0.5147,1,-183.0,138.3,-272.4
2025-09-25T03:59,112546.21,0.1,0.5168,1,-33.0,33.7,-72.3,0.2,0.5199,1,-63.5,58.0,-90.4,0.4,0.5096,0,-182.3,137.8,-267.1
2025-09-25T04:14,112279.96,0.1,0.5243,1,-35.7,36.5,-38.5,0.4,0.5246,1,-68.1,62.4,-60.0,0.4,0.5175,1,-194.2,146.9,-250.7
2025-09-25T04:29,111942.8,0.2,0.5175,1,-41.5,42.6,3.5,0.5,0.5250,1,-78.5,72.1,-7.4,0.5,0.5181,1,-222.3,168.1,-228.9
2025-09-25T04:44,111898.98,0.3,0.5129,1,-41.9,43.0,-10.8,0.4,0.5258,1,-78.8,72.2,-6.0,0.5,0.5200,1,-221.2,167.2,-238.8
2025-09-25T04:59,111735.66,0.3,0.5250,1,-43.5,44.8,1.3,0.4,0.5312,1,-81.3,74.5,2.8,0.5,0.5250,1,-226.3,171.2,-216.9
2025-09-25T05:14,111848.01,0.3,0.5150,1,-43.7,45.0,-22.7,0.3,0.5277,1,-81.1,74.2,11.9,0.5,0.5211,1,-223.8,169.3,-223.2
2025-09-25T05:29,111981.99,0.2,0.5160,1,-38.2,39.1,-25.2,0.2,0.5263,1,-71.6,65.3,4.4,0.4,0.5166,1,-195.7,148.0,-218.7
2025-09-25T05:44,111777.79,0.3,0.5197,1,-37.8,38.9,-13.6,0.1,0.5326,1,-71.9,65.5,-0.9,0.4,0.5200,1,-195.0,147.4,-218.6
2025-09-25T05:59,111749.91,0.2,0.5208,1,-36.6,37.6,-19.4,0.1,0.5288,1,-70.5,64.1,-2.0,0.4,0.5185,1,-189.4,143.2,-226.0
2025-09-25T06:14,111594.05,0.4,0.5318,1,-33.2,34.4,1.3,0.2,0.5329,1,-65.0,59.2,26.6,0.1,0.5181,1,-173.6,130.8,-209.9
2025-09-25T06:29,111699.98,0.4,0.5274,1,-33.2,34.4,14.4,0.1,0.5318,1,-65.1,59.2,33.9,0.1,0.5163,1,-174.1,131.2,-200.5
2025-09-25T06:44,111625.88,0.4,0.5349,1,-32.9,34.2,18.4,0.2,0.5282,1,-65.3,59.5,18.5,0.1,0.5147,1,-173.5,130.7,-186.8
2025-09-25T06:59,111533.26,0.4,0.5321,1,-32.7,34.1,20.9,0.2,0.5279,1,-65.8,60.0,3.4,0.1,0.5165,1,-173.5,130.8,-196.8
2025-09-25T07:14,111608.78,0.3,0.5194,1,-33.0,34.2,33.3,0.1,0.5237,1,-66.5,60.5,6.2,0.1,0.5115,1,-175.4,132.2,-185.2
2025-09-25T07:29,111860.41,0.2,0.5115,1,-33.0,34.0,15.3,0.1,0.5182,1,-66.4,60.4,-8.8,0.1,0.5052,0,-175.6,132.2,-231.6
2025-09-25T07:44,111831.37,0.2,0.5098,0,-32.2,33.0,-5.7,0.0,0.5165,1,-64.7,58.8,-19.5,0.1,0.5063,0,-171.3,129.0,-261.5
2025-09-25T07:59,111766.72,0.2,0.5133,1,-31.2,32.2,-3.5,0.1,0.5196,1,-63.1,57.3,-10.6,0.1,0.5078,0,-167.4,126.1,-221.3
2025-09-25T08:14,111980.86,0.1,0.5040,0,-30.7,31.4,-8.0,-0.0,0.5120,1,-62.0,56.2,-38.2,0.1,0.4998,0,-164.7,124.0,-229.7
2025-09-25T08:29,112031.17,0.1,0.5056,0,-30.4,31.1,4.3,0.0,0.5124,1,-61.5,55.8,-43.5,0.1,0.5012,0,-163.7,123.3,-227.1
2025-09-25T08:44,111767.3,0.3,0.5200,1,-29.8,30.8,5.8,0.1,0.5204,1,-60.6,55.2,-31.0,0.1,0.5097,0,-161.9,121.9,-195.8
2025-09-25T08:59,111727.21,0.3,0.5137,1,-30.0,31.0,-13.9,0.1,0.5187,1,-61.2,55.6,-34.0,0.1,0.5072,0,-163.7,123.3,-195.2
2025-09-25T09:14,111891.26,0.2,0.5055,0,-29.9,30.8,-19.0,0.1,0.5149,1,-61.1,55.5,-29.7,0.1,0.5025,0,-163.7,123.3,-201.0
2025-09-25T09:29,112079.77,0.2,0.4978,0,-30.7,31.5,-28.4,0.0,0.5106,0,-62.7,56.9,-85.5,0.4,0.4990,0,-168.0,127.0,-219.5
2025-09-25T09:44,111832.34,0.2,0.4973,0,-31.3,32.3,-19.6,0.0,0.5121,1,-64.2,58.3,-40.5,0.2,0.5045,0,-172.6,130.1,-218.5
2025-09-25T09:59,111571.58,0.3,0.5093,0,-31.5,32.6,6.9,0.1,0.5169,1,-64.8,58.9,-41.4,0.1,0.5093,0,-174.6,131.6,-181.1
2025-09-25T10:14,111678.53,0.3,0.5030,0,-30.6,31.7,-11.2,0.1,0.5140,1,-63.2,57.4,-36.2,0.1,0.5085,0,-170.7,128.6,-225.8
2025-09-25T10:29,111761.55,0.3,0.5108,0,-28.7,29.7,-19.4,0.1,0.5166,1,-59.3,53.9,-12.9,0.1,0.5090,0,-160.5,120.9,-241.8
2025-09-25T10:44,111612.98,0.3,0.5226,1,-27.6,28.6,-17.2,0.1,0.5246,1,-57.2,52.0,-80.2,0.2,0.5124,1,-155.0,116.9,-252.5
2025-09-25T10:59,111648.19,0.3,0.5193,1,-26.9,27.9,-26.9,0.1,0.5191,1,-55.8,50.8,-58.2,0.1,0.5075,0,-151.8,114.3,-249.7
2025-09-25T11:14,111554.02,0.4,0.5297,1,-27.5,28.7,0.5,0.1,0.5218,1,-57.3,52.3,-23.4,0.1,0.5092,0,-156.3,117.8,-252.9
2025-09-25T11:29,111544.87,0.3,0.5227,1,-26.9,28.0,-37.6,0.1,0.5193,1,-56.1,51.2,-4.1,0.1,0.5086,0,-153.4,115.5,-254.2
2025-09-25T11:44,111420.9,0.4,0.5261,1,-27.0,28.1,-3.6,0.2,0.5237,1,-56.4,51.4,6.1,0.1,0.5102,0,-154.5,116.4,-215.8
2025-09-25T11:59,111348,0.4,0.5255,1,-27.5,28.7,-21.3,0.2,0.5230,1,-56.5,51.5,17.2,0.1,0.5103,0,-155.1,116.8,-200.9
2025-09-25T12:14,111559.59,0.3,0.5172,1,-28.3,29.3,-25.5,0.1,0.5203,1,-58.1,52.8,-21.7,0.1,0.5058,0,-159.5,120.1,-242.8
2025-09-25T12:29,111125.76,0.4,0.5507,1,-29.8,31.1,44.1,0.2,0.5328,1,-60.8,55.6,-16.2,0.1,0.5186,1,-166.1,125.1,-182.0
2025-09-25T12:44,111380.6,0.3,0.5087,0,-32.5,33.6,-59.4,0.1,0.5155,1,-66.3,60.3,-6.4,0.1,0.5070,0,-181.0,136.3,-170.5
2025-09-25T12:59,111111,0.4,0.5222,1,-33.5,34.9,-10.0,0.2,0.5201,1,-68.7,62.6,42.2,0.1,0.5124,1,-188.0,141.7,-157.7
2025-09-25T13:14,111275.11,0.4,0.5170,1,-35.4,36.7,1.6,0.1,0.5151,1,-72.6,66.1,22.7,0.1,0.5121,1,-199.0,149.9,-191.9
2025-09-25T13:29,111617.01,0.1,0.4901,0,-42.0,42.8,-10.5,-0.1,0.5009,0,-84.1,76.1,-45.0,0.4,0.5059,0,-230.0,173.7,-220.4
2025-09-25T13:44,110720.91,0.5,0.5089,0,-49.7,51.4,69.1,0.2,0.5122,1,-99.2,90.3,33.8,0.2,0.5221,1,-270.3,203.5,-101.7
2025-09-25T13:59,111000,0.4,0.5005,0,-51.9,53.5,48.5,0.3,0.5052,0,-104.5,95.3,-3.8,0.2,0.5148,1,-282.7,213.1,-120.6
2025-09-25T14:14,111293,0.2,0.4947,0,-50.7,51.9,2.2,0.2,0.5021,0,-102.0,92.8,-102.3,0.2,0.5072,0,-276.2,208.1,-179.9
2025-09-25T14:29,111499.52,0.2,0.4992,0,-51.1,52.2,-49.8,0.2,0.5021,0,-103.0,93.7,-141.0,0.7,0.5060,0,-279.0,211.1,-219.1
2025-09-25T14:44,111489.04,0.1,0.5014,0,-46.6,47.4,-16.2,0.1,0.5070,0,-92.0,83.7,-191.5,0.6,0.5061,0,-249.8,188.8,-234.4
2025-09-25T14:59,111540,0.1,0.4998,0,-44.2,45.1,3.7,-0.0,0.5070,0,-87.7,79.5,-245.6,0.6,0.5075,0,-238.1,180.1,-245.4
2025-09-25T15:14,111317.95,0.3,0.5030,0,-44.4,45.7,18.8,0.0,0.5109,1,-88.7,80.5,-190.1,0.2,0.5136,1,-241.8,182.2,-216.2
2025-09-25T15:29,110945.67,0.4,0.5176,1,-41.9,43.4,15.3,0.1,0.5210,1,-84.0,76.4,-136.4,0.2,0.5202,1,-229.8,173.1,-150.1
2025-09-25T15:44,111309,0.3,0.5061,0,-42.9,44.1,-19.2,0.0,0.5098,1,-85.9,77.9,-165.0,0.1,0.5113,1,-235.2,177.1,-184.1
2025-09-25T15:59,111580.77,0.2,0.4986,0,-42.6,43.6,-56.0,-0.1,0.5067,0,-85.4,77.3,-164.5,0.3,0.5083,0,-233.8,176.4,-231.5
2025-09-25T16:14,111527.92,0.2,0.5057,0,-42.3,43.3,-123.4,-0.0,0.5079,0,-85.0,77.0,-167.6,0.4,0.5092,0,-233.1,176.1,-203.8
2025-09-25T16:29,111116,0.4,0.5318,1,-42.1,43.5,-106.6,0.1,0.5188,1,-85.1,77.3,-117.4,0.1,0.5163,1,-234.5,176.5,-144.8
2025-09-25T16:44,111096,0.4,0.5322,1,-40.2,41.6,-156.2,0.1,0.5200,1,-81.4,74.0,-140.2,0.1,0.5164,1,-224.8,169.3,-158.8
2025-09-25T16:59,110957.29,0.4,0.5333,1,-40.6,42.1,-193.2,0.2,0.5276,1,-80.8,73.5,-145.0,0.2,0.5177,1,-223.7,168.6,-135.9
2025-09-25T17:14,110160,0.6,0.5448,1,-43.5,45.4,-85.5,0.3,0.5375,1,-86.0,78.6,-83.4,0.2,0.5311,1,-236.6,178.4,-52.9
2025-09-25T17:29,109938.11,0.6,0.5297,1,-47.7,49.5,-45.1,0.3,0.5333,1,-93.3,85.1,-52.9,0.3,0.5310,1,-254.5,191.9,-2.4
2025-09-25T17:44,109374.07,0.6,0.5324,1,-52.0,54.1,10.4,0.3,0.5363,1,-101.1,92.3,-15.4,0.3,0.5364,1,-273.5,206.2,52.0
2025-09-25T17:59,108833.63,0.7,0.5316,1,-57.6,59.9,84.8,0.4,0.5403,1,-110.9,101.3,30.3,0.3,0.5382,1,-297.7,224.5,97.5
2025-09-25T18:14,109222.13,0.6,0.5169,1,-58.6,60.6,41.3,0.2,0.5302,1,-111.8,101.8,22.0,0.3,0.5289,1,-297.5,224.2,69.8
2025-09-25T18:29,109442.99,0.5,0.5194,1,-59.6,61.5,34.3,0.1,0.5276,1,-115.1,104.6,-11.4,0.3,0.5228,1,-303.5,228.8,68.2
2025-09-25T18:44,109488.01,0.4,0.5156,1,-57.4,59.1,5.6,0.1,0.5264,1,-112.1,101.8,-29.4,0.2,0.5211,1,-293.1,220.9,35.0
2025-09-25T18:59,109760.2,0.2,0.5119,1,-56.4,57.6,-36.5,-0.1,0.5187,1,-109.0,98.7,-31.0,0.2,0.5162,1,-282.4,212.8,-2.9
2025-09-25T19:14,109674.2,0.2,0.5196,1,-54.3,55.5,-39.2,-0.0,0.5214,1,-106.1,96.2,-13.1,0.3,0.5197,1,-272.9,205.7,-13.4
2025-09-25T19:29,109819.34,0.2,0.5189,1,-50.3,51.4,-42.1,-0.0,0.5214,1,-99.6,90.3,-30.9,0.2,0.5187,1,-254.0,191.5,-49.8
2025-09-25T19:44,109549.37,0.3,0.5373,1,-48.7,50.1,-31.5,0.1,0.5263,1,-97.8,88.8,-10.1,0.2,0.5245,1,-247.5,186.6,-42.7
2025-09-25T19:59,109360,0.5,0.5428,1,-45.8,47.5,-18.0,0.2,0.5290,1,-93.3,85.0,5.5,0.3,0.5306,1,-234.6,176.9,-17.2
2025-09-25T20:14,109245.15,0.5,0.5435,1,-45.7,47.5,19.9,0.2,0.5293,1,-93.4,85.1,22.1,0.3,0.5338,1,-235.4,177.5,4.4
2025-09-25T20:29,109357.92,0.5,0.5424,1,-43.7,45.4,-3.6,0.2,0.5261,1,-89.4,81.5,8.2,0.2,0.5291,1,-225.8,170.2,-18.8
2025-09-25T20:44,109205.32,0.5,0.5458,1,-43.2,44.9,-3.5,0.3,0.5276,1,-88.6,80.8,-11.2,0.2,0.5316,1,-224.5,169.1,-2.5
2025-09-25T20:59,109163.44,0.5,0.5426,1,-43.5,45.1,23.5,0.2,0.5262,1,-89.3,81.4,-15.5,0.2,0.5303,1,-226.5,170.7,11.4
2025-09-25T21:14,109463.21,0.4,0.5364,1,-47.3,48.8,6.1,0.1,0.5233,1,-97.1,88.3,-14.8,0.2,0.5229,1,-246.6,185.8,-0.5
2025-09-25T21:29,109318.83,0.5,0.5364,1,-47.9,49.5,14.8,0.2,0.5233,1,-98.6,89.8,-1.7,0.2,0.5267,1,-251.0,189.2,13.4
2025-09-25T21:44,109166.6,0.5,0.5363,1,-47.7,49.4,24.9,0.2,0.5218,1,-98.5,89.7,-32.8,0.3,0.5269,1,-251.2,189.4,16.7
2025-09-25T21:59,109420,0.4,0.5291,1,-48.3,49.8,-0.0,0.1,0.5170,1,-99.8,90.8,4.8,0.2,0.5208,1,-255.0,192.2,4.5
2025-09-25T22:14,109530.19,0.3,0.5252,1,-45.2,46.6,-3.9,0.1,0.5157,1,-93.6,85.1,9.9,0.2,0.5178,1,-239.5,180.6,-0.9
2025-09-25T22:29,109480.55,0.4,0.5390,1,-43.3,44.8,-3.0,0.1,0.5183,1,-89.9,81.8,7.3,0.2,0.5194,1,-230.6,173.9,1.8
2025-09-25T22:44,109438.29,0.4,0.5350,1,-42.1,43.5,-32.5,0.1,0.5167,1,-87.5,79.7,19.3,0.2,0.5199,1,-225.0,169.6,9.0
2025-09-25T22:59,109419.97,0.4,0.5370,1,-41.0,42.5,-39.0,0.2,0.5178,1,-85.6,77.9,23.8,0.2,0.5170,1,-220.5,166.2,12.6
2025-09-25T23:14,109487.26,0.5,0.5443,1,-41.4,42.9,-17.0,0.2,0.5219,1,-86.5,78.8,15.6,0.2,0.5173,1,-223.4,168.4,-0.2
2025-09-25T23:29,109447.34,0.4,0.5315,1,-40.8,42.3,-13.5,0.2,0.5217,1,-85.4,77.7,11.1,0.2,0.5173,1,-220.8,166.5,9.8
2025-09-25T23:44,109083.17,0.5,0.5296,1,-44.7,46.4,-25.1,0.3,0.5237,1,-93.8,85.6,49.1,0.2,0.5204,1,-243.4,183.4,53.7
2025-09-25T23:59,108994.49,0.5,0.5256,1,-43.6,45.2,43.7,0.3,0.5223,1,-91.6,83.5,57.4,0.1,0.5216,1,-238.2,179.3,59.4
2025-09-26T00:14,109301.01,0.3,0.5201,1,-42.6,44.3,30.9,0.2,0.5171,1,-88.0,82.6,20.8,0.4,0.5254,1,-255.2,178.2,26.8
2025-09-26T00:29,109300,0.3,0.5231,1,-41.4,43.1,23.8,0.2,0.5162,1,-85.7,80.5,4.0,0.3,0.5232,1,-250.3,174.6,26.5
2025-09-26T00:44,108809.25,0.5,0.5349,1,-39.0,41.1,77.0,0.3,0.5204,1,-81.3,76.6,55.7,0.4,0.5322,1,-239.0,166.9,61.0
2025-09-26T00:59,109472.13,0.3,0.5190,1,-47.7,49.4,19.0,0.1,0.5133,1,-99.0,92.8,9.8,0.3,0.5121,1,-292.1,203.8,16.2
2025-09-26T01:14,109639.13,0.2,0.5196,1,-47.5,49.1,1.7,0.1,0.5146,1,-98.7,92.4,-12.7,0.4,0.5142,1,-292.8,204.4,-10.3
2025-09-26T01:29,109560.01,0.3,0.5232,1,-48.7,50.5,0.8,0.1,0.5161,1,-101.5,95.1,-13.8,0.3,0.5122,1,-303.2,211.4,-7.3
2025-09-26T01:44,109649.99,0.2,0.5170,1,-47.9,49.4,-2.7,0.3,0.5141,1,-97.7,91.8,-35.8,0.2,0.5013,0,-294.0,204.9,-29.2
2025-09-26T01:59,109680.4,0.3,0.5230,1,-40.5,42.2,-5.4,0.1,0.5152,1,-83.3,78.0,-31.3,0.2,0.5074,0,-251.8,175.5,-22.7
2025-09-26T02:14,109658.14,0.3,0.5243,1,-40.2,41.9,-11.8,0.2,0.5162,1,-82.7,77.7,-25.4,0.2,0.5127,1,-252.0,175.7,-20.0
2025-09-26T02:29,109568.35,0.3,0.5280,1,-39.1,40.7,-20.5,0.2,0.5176,1,-80.6,75.7,-0.8,0.3,0.5166,1,-246.8,172.2,-20.6
2025-09-26T02:44,109620,0.3,0.5233,1,-38.8,40.4,-18.6,0.2,0.5187,1,-80.2,75.3,-23.7,0.3,0.5146,1,-247.0,172.3,-16.6
2025-09-26T02:59,109621.7,0.3,0.5231,1,-38.7,40.3,-3.8,0.2,0.5193,1,-80.0,75.2,-33.7,0.3,0.5148,1,-248.1,173.1,-19.5
2025-09-26T03:14,109528.97,0.3,0.5276,1,-37.7,39.2,-2.6,0.2,0.5235,1,-78.1,73.4,-23.1,0.4,0.5148,1,-243.6,170.1,-7.5
2025-09-26T03:29,109344.01,0.3,0.5293,1,-36.7,38.3,6.0,0.5,0.5247,1,-76.1,72.0,12.7,0.4,0.5165,1,-239.6,167.3,18.1
2025-09-26T03:44,109416.72,0.3,0.5220,1,-36.2,37.7,-14.5,0.5,0.5245,1,-75.1,71.1,13.1,0.4,0.5129,1,-237.8,166.0,20.0
2025-09-26T03:59,109580.01,0.2,0.5228,1,-36.6,38.0,-22.1,0.4,0.5255,1,-76.1,71.8,-20.1,0.3,0.5105,1,-242.3,169.0,-2.4
2025-09-26T04:14,109500,0.3,0.5226,1,-35.8,37.2,-11.0,0.5,0.5216,1,-74.5,70.5,5.6,0.4,0.5124,1,-238.8,166.7,4.6
2025-09-26T04:29,109409.12,0.2,0.5207,1,-36.4,37.7,13.8,0.5,0.5262,1,-75.8,71.7,-10.0,0.4,0.5085,0,-244.3,170.5,26.0
2025-09-26T04:44,109258.5,0.4,0.5213,1,-36.3,38.1,9.3,0.5,0.5254,1,-76.3,72.2,-28.7,0.4,0.5149,1,-247.4,172.8,32.2
2025-09-26T04:59,109338.01,0.4,0.5163,1,-35.2,36.8,-7.8,0.5,0.5247,1,-73.9,70.1,-1.6,0.4,0.5111,1,-240.2,167.7,28.9
2025-09-26T05:14,109379.54,0.3,0.5136,1,-34.7,36.2,-9.4,0.5,0.5234,1,-72.9,69.0,5.4,0.4,0.5043,0,-237.0,165.5,21.1
2025-09-26T05:29,109560,0.3,0.5121,1,-34.2,35.6,-7.1,0.5,0.5165,1,-71.9,68.1,-4.0,0.3,0.4999,0,-235.4,164.2,4.8
2025-09-26T05:44,109360.52,0.4,0.5166,1,-33.4,35.0,18.2,0.5,0.5177,1,-70.6,67.0,21.9,0.3,0.5038,0,-232.7,162.4,26.9
2025-09-26T05:59,109252.79,0.5,0.5191,1,-34.8,36.6,9.8,0.6,0.5209,1,-73.9,70.1,28.7,0.4,0.5125,1,-244.8,170.9,35.0
2025-09-26T06:14,109276.61,0.5,0.5116,1,-35.0,36.9,26.0,0.6,0.5161,1,-74.4,70.7,35.4,0.4,0.5101,1,-248.2,173.2,27.7
2025-09-26T06:29,109482.62,0.2,0.5108,1,-38.6,40.1,-16.7,0.6,0.5185,1,-81.6,77.4,15.0,0.3,0.5017,0,-273.8,191.0,5.9
2025-09-26T06:44,109560.02,0.2,0.5080,1,-38.3,39.8,-56.3,0.5,0.5178,1,-81.3,76.9,-13.2,0.3,0.5002,0,-274.0,191.1,-6.9
2025-09-26T06:59,109360,0.4,0.5121,1,-36.2,37.8,-3.7,0.6,0.5143,1,-77.0,73.1,19.1,0.4,0.5058,0,-261.5,182.5,16.6
2025-09-26T07:14,109561.05,0.2,0.5069,0,-35.8,37.2,-11.2,0.5,0.5147,1,-76.2,72.2,-34.4,0.3,0.5003,0,-260.1,181.5,-0.1
2025-09-26T07:29,109300,0.3,0.5153,1,-32.9,34.4,19.7,0.6,0.5195,1,-70.3,66.8,-19.0,0.3,0.5105,1,-241.8,168.8,17.8
2025-09-26T07:44,108944.98,0.5,0.5172,1,-37.5,39.5,59.9,0.6,0.5177,1,-79.0,75.0,-10.6,0.4,0.5161,1,-273.2,190.8,40.4
2025-09-26T07:59,109320.02,0.1,0.5045,0,-37.8,39.0,22.6,0.5,0.5100,1,-79.1,74.9,-39.0,0.4,0.5102,1,-274.8,191.8,8.3
2025-09-26T08:14,109438.26,0.2,0.5096,1,-39.0,40.5,20.6,0.6,0.5111,1,-82.1,77.8,-61.4,0.4,0.5078,0,-286.9,200.2,-13.8
2025-09-26T08:29,109515.77,0.2,0.5092,1,-38.0,39.4,12.0,0.5,0.5105,1,-80.1,75.9,-70.6,0.3,0.5053,0,-281.7,196.5,-14.4
2025-09-26T08:44,109599.99,0.2,0.5075,0,-35.1,36.3,-16.8,0.4,0.5083,1,-72.7,68.6,-51.0,0.2,0.5027,0,-256.8,179.0,-26.1
2025-09-26T08:59,109567.2,0.3,0.5143,1,-34.1,35.5,0.1,0.4,0.5134,1,-70.9,67.1,-39.7,0.2,0.5054,0,-252.5,176.0,-28.8
2025-09-26T09:14,109664.29,0.2,0.5118,1,-32.3,33.6,-43.8,0.4,0.5147,1,-67.3,63.6,-71.4,0.2,0.5038,0,-240.8,167.9,-45.0
2025-09-26T09:29,109646.73,0.3,0.5132,1,-31.8,33.3,-50.7,0.2,0.5153,1,-66.8,62.8,-48.0,0.2,0.5065,0,-239.7,167.1,-51.5
2025-09-26T09:44,109415.6,0.3,0.5210,1,-31.8,33.3,-53.7,0.3,0.5189,1,-66.8,63.0,7.5,0.3,0.5125,1,-241.5,168.5,-12.7
2025-09-26T09:59,109568.72,0.3,0.5095,1,-31.9,33.3,-61.7,0.3,0.5111,1,-67.1,63.3,-17.9,0.1,0.5038,0,-244.2,170.1,-25.2
2025-09-26T10:14,109185.09,0.5,0.5211,1,-34.4,36.3,-38.3,0.4,0.5203,1,-71.4,67.4,-2.3,0.3,0.5152,1,-261.5,182.4,9.9
2025-09-26T10:29,109092,0.5,0.5172,1,-35.5,37.3,-31.9,0.3,0.5191,1,-72.3,68.2,8.4,0.3,0.5138,1,-266.2,185.7,17.6
2025-09-26T10:44,108830.01,0.4,0.5181,1,-37.1,39.0,19.5,0.4,0.5173,1,-74.1,70.0,70.6,0.3,0.5174,1,-274.7,191.7,52.5
2025-09-26T10:59,108895,0.5,0.5208,1,-37.9,39.9,21.9,0.4,0.5186,1,-74.3,70.3,70.9,0.3,0.5167,1,-277.2,193.4,49.2
2025-09-26T11:14,108768.02,0.5,0.5199,1,-37.1,38.9,10.6,0.3,0.5167,1,-71.4,67.4,49.6,0.3,0.5170,1,-267.8,186.8,52.0
2025-09-26T11:29,108744.79,0.4,0.5154,1,-37.1,38.9,34.6,0.4,0.5161,1,-71.5,67.6,31.1,0.3,0.5178,1,-269.8,188.2,54.3
2025-09-26T11:44,109042.04,0.4,0.5152,1,-37.4,39.0,41.7,0.6,0.5117,1,-71.8,68.2,-12.5,0.3,0.5102,1,-273.5,190.7,23.0
2025-09-26T11:59,109133.5,0.3,0.5154,1,-36.9,38.5,21.9,0.5,0.5116,1,-71.1,67.4,-27.3,0.3,0.5111,1,-272.1,189.8,16.2
2025-09-26T12:14,108883.65,0.4,0.5244,1,-36.8,38.7,25.3,0.4,0.5142,1,-72.2,68.2,4.9,0.3,0.5184,1,-274.7,191.6,34.8
2025-09-26T12:29,109121.28,0.3,0.5067,0,-37.7,39.2,5.7,0.5,0.5063,1,-73.5,69.7,15.7,0.3,0.5047,0,-281.7,196.5,12.4
2025-09-26T12:44,109497.69,0.1,0.5027,0,-41.8,43.0,9.4,0.4,0.5069,1,-79.8,75.4,-20.0,-0.1,0.5020,0,-306.3,212.9,-8.8
2025-09-26T12:59,109372.68,0.1,0.5067,0,-42.3,43.6,27.1,0.5,0.5092,1,-80.9,76.6,-31.6,-0.1,0.5039,0,-311.1,216.3,2.5
2025-09-26T13:14,109160,0.2,0.5108,1,-41.8,43.3,13.6,0.5,0.5084,1,-80.3,76.1,10.8,-0.0,0.5055,0,-309.1,215.0,12.8
2025-09-26T13:29,109183.63,0.3,0.5123,1,-41.1,42.7,-9.2,0.6,0.5078,1,-79.1,75.1,30.6,0.3,0.5070,1,-304.7,212.6,16.1
2025-09-26T13:44,109600.71,0.3,0.5012,0,-39.6,41.1,-63.6,0.5,0.5038,0,-77.1,73.1,-23.3,0.2,0.5005,0,-294.3,205.1,-22.9
2025-09-26T13:59,109669.73,-0.0,0.5000,0,-39.3,40.2,-76.3,0.1,0.5028,0,-77.4,72.5,-19.1,0.2,0.4968,0,-291.2,202.9,-33.2
2025-09-26T14:14,109309,0.2,0.5072,0,-40.5,42.0,-34.1,0.6,0.5081,1,-80.0,75.9,24.6,0.3,0.5070,1,-302.8,211.2,4.0
2025-09-26T14:29,109083.45,0.3,0.5067,0,-43.0,44.7,19.2,0.7,0.5083,1,-85.2,80.8,75.7,0.4,0.5084,1,-322.8,225.2,21.0
2025-09-26T14:44,108905.97,0.4,0.5116,1,-41.9,43.8,34.2,0.6,0.5114,1,-81.7,77.5,94.9,0.4,0.5110,1,-310.0,216.3,35.4
2025-09-26T14:59,108836,0.4,0.5159,1,-42.4,44.3,17.6,0.6,0.5149,1,-81.1,77.1,97.3,0.4,0.5126,1,-309.7,216.2,41.4
2025-09-26T15:14,108937.15,0.3,0.5120,1,-42.0,43.8,31.3,0.7,0.5135,1,-80.6,76.6,95.9,0.4,0.5100,1,-308.0,214.9,26.4
2025-09-26T15:29,109292.81,0.1,0.5015,0,-40.3,41.6,20.6,0.5,0.5084,1,-77.1,73.1,81.9,0.3,0.5042,0,-294.8,205.6,-2.7
2025-09-26T15:44,109279.02,0.2,0.5138,1,-39.5,40.9,6.1,0.5,0.5123,1,-75.9,71.9,54.1,0.3,0.5051,0,-290.3,202.5,4.9
2025-09-26T15:59,109027.78,0.3,0.5188,1,-39.6,41.2,39.6,0.6,0.5148,1,-76.3,72.4,64.0,0.4,0.5076,1,-292.3,204.0,34.3
2025-09-26T16:14,109278.3,0.1,0.5090,1,-38.6,39.8,27.4,0.5,0.5083,1,-74.3,70.4,22.8,-0.0,0.5004,0,-285.1,198.2,6.2
2025-09-26T16:29,109518.18,-0.0,0.5043,0,-38.9,39.9,35.9,-0.1,0.5051,0,-75.5,70.3,-22.3,-0.1,0.4975,0,-287.5,199.9,-12.4
2025-09-26T16:44,109345.21,0.0,0.5081,0,-38.8,39.8,54.7,-0.1,0.5072,1,-75.4,70.2,-24.1,-0.0,0.4993,0,-287.5,199.9,2.3
2025-09-26T16:59,109460.01,-0.1,0.4990,0,-38.1,39.0,40.1,-0.2,0.5042,0,-74.2,69.0,-26.3,-0.1,0.4962,0,-283.0,196.7,-6.5
2025-09-26T17:14,109578.62,-0.0,0.4926,0,-38.0,38.9,37.2,-0.2,0.5022,0,-74.2,68.9,-26.1,-0.1,0.4951,0,-283.3,196.9,-23.2
2025-09-26T17:29,109912.14,-0.1,0.4690,1,-39.4,40.1,25.4,-0.2,0.4867,1,-76.8,71.4,-69.3,-0.5,0.4921,1,-294.0,203.6,-55.2
2025-09-26T17:44,109944.77,-0.1,0.4648,1,-40.0,40.8,-6.7,-0.1,0.4865,1,-77.3,72.0,-70.0,-0.5,0.4917,1,-293.6,203.3,-55.8
2025-09-26T17:59,109899.99,-0.2,0.4612,1,-40.9,41.6,-15.7,-0.1,0.4851,1,-78.4,73.0,-55.8,-0.5,0.4910,1,-294.9,204.2,-47.2
2025-09-26T18:14,109987.19,-0.2,0.4587,1,-40.6,41.3,-41.9,-0.2,0.4839,1,-78.7,73.2,-48.2,-0.6,0.4906,1,-293.5,203.2,-52.8
2025-09-26T18:29,110192.13,-0.2,0.4650,1,-39.1,39.8,-83.6,-0.1,0.4852,1,-76.7,71.4,-66.2,-0.6,0.4915,1,-283.4,196.2,-70.6
2025-09-26T18:44,109871.5,0.0,0.4815,1,-39.2,40.3,-72.1,-0.0,0.4936,0,-77.4,72.3,-47.7,0.1,0.4957,0,-286.3,199.3,-44.5
2025-09-26T18:59,109727.99,0.0,0.4856,1,-38.8,39.8,-50.8,0.0,0.4966,0,-76.5,71.6,-23.6,0.1,0.4969,0,-283.5,197.4,-26.7
2025-09-26T19:14,109527.3,0.0,0.4894,1,-39.8,40.9,-21.4,0.1,0.5003,0,-77.1,72.3,-0.7,0.1,0.4997,0,-286.1,199.2,-9.2
2025-09-26T19:29,109274.31,0.1,0.5022,0,-40.8,42.0,-11.1,-0.0,0.5068,0,-77.8,72.7,20.6,-0.0,0.5055,0,-288.7,200.8,13.2
2025-09-26T19:44,109082.17,0.1,0.5034,0,-40.9,42.2,8.8,0.0,0.5060,0,-76.7,71.7,41.6,0.0,0.5058,1,-285.0,198.3,28.7
2025-09-26T19:59,109172.2,0.1,0.4996,0,-41.2,42.4,10.6,0.2,0.5053,0,-75.7,71.1,35.3,0.2,0.5032,0,-281.9,196.4,23.1
2025-09-26T20:14,109293.16,0.0,0.4937,0,-39.6,40.7,15.1,0.1,0.5037,0,-72.8,68.3,17.6,0.1,0.5008,0,-271.4,189.0,9.3
2025-09-26T20:29,109152.76,0.1,0.5005,0,-37.6,38.6,28.6,0.2,0.5038,0,-69.2,65.0,36.8,0.1,0.5022,0,-258.3,180.0,19.8
2025-09-26T20:44,109178.08,0.1,0.4941,0,-35.5,36.6,15.6,0.1,0.5003,0,-65.6,61.6,45.0,0.1,0.5016,0,-244.9,170.6,19.6
2025-09-26T20:59,109288.44,0.1,0.4923,0,-35.3,36.4,16.5,0.1,0.4974,0,-65.5,61.4,32.4,0.1,0.4998,0,-244.8,170.5,9.3
2025-09-26T21:14,109458.13,0.1,0.4922,0,-35.4,36.5,5.7,0.1,0.4981,0,-65.8,61.7,12.4,0.1,0.4967,0,-246.0,171.3,-6.3
2025-09-26T21:29,109465.6,0.0,0.4930,0,-35.0,35.9,3.2,0.1,0.4964,0,-65.0,60.9,11.4,0.1,0.4967,0,-243.3,169.5,-3.9
2025-09-26T21:44,109348.76,0.0,0.4919,0,-34.6,35.6,17.2,0.1,0.4968,0,-64.5,60.5,11.6,0.1,0.4992,0,-241.7,168.3,9.2
2025-09-26T21:59,109469.07,0.0,0.4914,0,-34.8,35.8,8.1,0.0,0.4966,0,-65.0,60.8,16.4,0.1,0.4960,0,-243.7,169.7,0.5
2025-09-26T22:14,109520,-0.0,0.4849,1,-35.1,35.9,-3.2,0.1,0.4945,0,-65.5,61.4,0.6,0.1,0.4959,0,-245.9,171.2,8.0
2025-09-26T22:29,109500.11,-0.0,0.4913,0,-33.9,34.7,5.0,0.1,0.4942,0,-63.4,59.5,-1.8,0.1,0.4967,0,-238.5,166.1,18.2
2025-09-26T22:44,109536.62,-0.0,0.4876,1,-33.6,34.4,12.2,0.1,0.4911,1,-63.1,59.0,-18.9,0.1,0.4945,0,-237.2,165.1,3.8
2025-09-26T22:59,109558.25,0.0,0.4851,1,-32.8,33.7,7.8,0.1,0.4910,1,-61.6,57.8,-11.5,0.1,0.4952,0,-232.3,161.7,4.3
2025-09-26T23:14,109485.29,0.1,0.4942,0,-31.3,32.2,10.0,0.2,0.4955,0,-59.0,55.4,-4.3,0.1,0.4984,0,-222.8,155.1,10.7
2025-09-26T23:29,109555.06,0.0,0.4851,1,-30.8,31.6,3.2,0.1,0.4913,1,-58.1,54.5,-19.4,0.1,0.4991,0,-219.4,152.7,-1.0
2025-09-26T23:44,109670.59,-0.0,0.4686,1,-30.6,31.3,-17.8,0.1,0.4825,1,-57.8,54.1,-21.2,0.1,0.4965,0,-218.2,151.9,-6.2
2025-09-26T23:59,109643.46,-0.0,0.4724,1,-30.2,30.9,0.5,-0.0,0.4839,1,-57.2,53.4,-21.5,0.1,0.4976,0,-215.8,150.2,-0.7
2025-09-27T00:14,109594.43,-0.0,0.4875,1,-30.1,30.8,-6.2,0.1,0.4896,1,-59.8,52.6,-13.5,0.1,0.4989,0,-236.3,156.9,-2.4
2025-09-27T00:29,109590.42,-0.0,0.4858,1,-29.8,30.5,-10.1,0.1,0.4934,0,-59.2,52.2,-4.4,0.1,0.4967,0,-234.2,155.6,18.0
2025-09-27T00:44,109475.49,0.0,0.4908,0,-29.1,29.9,-13.3,0.2,0.4968,0,-58.1,51.3,14.6,0.1,0.5028,0,-230.1,152.8,17.8
2025-09-27T00:59,109649.29,0.0,0.4915,0,-28.9,29.6,-19.8,0.1,0.4971,0,-57.7,50.8,-8.7,0.0,0.4987,0,-228.6,151.7,-3.8
2025-09-27T01:14,109526.5,0.1,0.5099,0,-28.7,29.5,-8.0,0.2,0.5041,0,-57.4,50.7,2.1,0.0,0.4987,0,-228.0,151.3,-3.8
2025-09-27T01:29,109480,0.1,0.5080,0,-27.6,28.5,-12.6,0.2,0.5017,0,-55.5,49.1,19.6,0.1,0.4991,0,-220.6,146.5,1.1
2025-09-27T01:44,109330.09,0.1,0.5156,1,-27.6,28.5,9.9,0.3,0.5100,1,-55.6,49.3,25.6,0.1,0.5048,0,-221.5,147.1,8.9
2025-09-27T01:59,109431.92,0.1,0.5112,1,-27.3,28.2,-2.2,0.3,0.5089,1,-55.0,48.7,20.4,0.0,0.5022,0,-219.5,145.7,-7.2
2025-09-27T02:14,109438.5,0.1,0.5125,1,-27.0,27.8,0.7,0.2,0.5064,0,-54.4,48.1,15.8,0.0,0.5018,0,-217.2,144.1,-5.5
2025-09-27T02:29,109342.44,0.1,0.5171,1,-26.8,27.7,18.2,0.2,0.5054,0,-54.4,48.0,24.6,-0.0,0.5010,0,-217.0,144.0,13.2
2025-09-27T02:44,109438.04,0.1,0.5060,0,-26.4,27.1,18.1,0.2,0.5005,0,-53.4,47.2,19.8,0.0,0.4980,0,-213.5,141.7,0.7
2025-09-27T02:59,109408.18,0.1,0.4981,0,-26.0,26.8,13.3,0.2,0.4968,0,-52.8,46.7,20.8,0.0,0.5000,0,-211.3,140.2,3.6
2025-09-27T03:14,109446.45,0.0,0.4952,0,-25.7,26.4,9.5,0.2,0.4954,0,-52.3,46.2,12.2,0.0,0.5015,0,-209.6,139.1,3.4
2025-09-27T03:29,109542.05,-0.0,0.4819,1,-25.3,25.9,13.9,0.1,0.4883,1,-51.6,45.5,0.5,0.1,0.4964,0,-206.6,137.1,-8.0
2025-09-27T03:44,109635.98,0.0,0.4861,1,-25.4,26.1,-2.3,0.1,0.4927,0,-51.9,45.7,-13.8,0.0,0.5007,0,-207.9,138.0,-20.7
2025-09-27T03:59,109553.77,0.0,0.5005,0,-25.3,25.9,9.2,0.1,0.4972,0,-51.8,45.6,-1.1,-0.0,0.4980,0,-207.8,137.9,-10.8
2025-09-27T04:14,109550,-0.0,0.4940,0,-25.1,25.6,5.6,0.1,0.4932,0,-51.4,45.2,0.9,-0.0,0.4980,0,-206.1,136.7,-7.9
2025-09-27T04:29,109694.32,0.0,0.4795,1,-24.7,25.3,-7.5,0.1,0.4892,1,-50.8,44.7,-18.3,0.0,0.4955,0,-203.9,135.3,-30.0
2025-09-27T04:44,109610.55,0.0,0.4850,1,-24.6,25.2,4.1,0.1,0.4935,0,-50.6,44.6,-20.6,0.0,0.4977,0,-203.5,135.0,-21.7
2025-09-27T04:59,109654.99,-0.0,0.4779,1,-24.2,24.8,-1.8,0.1,0.4890,1,-50.0,44.0,-22.3,0.0,0.4969,0,-201.4,133.6,-26.4
2025-09-27T05:14,109611.04,0.0,0.4819,1,-23.9,24.6,-2.8,0.1,0.4903,1,-49.6,43.6,-29.5,-0.0,0.4981,0,-199.8,132.5,-23.3
2025-09-27T05:29,109612.3,0.1,0.4835,1,-23.6,24.3,-5.9,0.1,0.4884,1,-49.1,43.2,-23.2,-0.2,0.4973,0,-198.1,131.1,-19.7
2025-09-27T05:44,109655.2,0.0,0.4772,1,-23.2,23.8,-15.5,0.1,0.4844,1,-48.1,42.4,-31.1,-0.2,0.4951,0,-194.4,128.7,-27.3
2025-09-27T05:59,109635.72,0.0,0.4773,1,-23.0,23.6,-8.6,0.1,0.4846,1,-47.8,42.1,-35.1,-0.2,0.4944,0,-193.6,128.2,-25.5
2025-09-27T06:14,109579.97,0.0,0.4843,1,-23.0,23.5,-1.8,0.1,0.4862,1,-47.8,42.1,-37.3,-0.1,0.4947,0,-193.7,128.3,-18.0
2025-09-27T06:29,109547.53,0.0,0.4880,1,-22.5,23.1,-4.9,0.1,0.4883,1,-47.1,41.4,-42.4,-0.2,0.4953,0,-190.8,126.3,-24.5
2025-09-27T06:44,109484.9,0.1,0.4916,0,-22.2,22.9,-9.1,0.2,0.4974,0,-46.5,41.2,-19.1,-0.1,0.4992,0,-189.4,125.4,-4.3
2025-09-27T06:59,109541.36,0.0,0.4801,1,-22.1,22.7,-11.9,0.1,0.4854,1,-46.3,40.9,-22.7,-0.1,0.4960,0,-188.4,124.8,-12.0
2025-09-27T07:14,109559.99,0.0,0.4814,1,-21.8,22.4,-24.9,0.1,0.4885,1,-45.9,40.5,-24.4,-0.1,0.4948,0,-186.7,123.6,-17.0
2025-09-27T07:29,109494.19,0.0,0.4904,0,-21.8,22.4,-12.5,0.2,0.4949,0,-45.8,40.5,-19.2,-0.1,0.4982,0,-186.6,123.6,-3.3
2025-09-27T07:44,109385.52,0.0,0.4885,1,-21.5,22.1,-6.5,0.2,0.4931,0,-45.4,40.2,1.5,-0.1,0.4997,0,-185.3,122.7,7.0
2025-09-27T07:59,109411.2,0.0,0.5022,0,-21.5,22.1,-14.6,0.2,0.5018,0,-45.4,40.2,1.9,-0.2,0.5011,0,-185.8,123.0,9.3
2025-09-27T08:14,109287.63,0.1,0.5105,0,-22.1,22.9,-10.6,0.2,0.5068,0,-46.0,40.8,4.3,-0.2,0.5045,0,-188.4,124.7,20.1
2025-09-27T08:29,109357.91,0.1,0.4929,0,-22.0,22.6,-25.1,0.3,0.4986,0,-45.7,40.5,-1.9,-0.2,0.5003,0,-187.4,124.1,15.2
2025-09-27T08:44,109314.56,0.1,0.5028,0,-21.6,22.3,-3.5,0.2,0.5003,0,-45.1,40.0,-1.9,-0.2,0.5028,0,-185.1,122.5,18.9
2025-09-27T08:59,109252.01,0.1,0.5029,0,-21.5,22.3,3.7,0.2,0.5038,0,-45.0,39.9,5.3,-0.2,0.5056,0,-184.9,122.3,23.6
2025-09-27T09:14,109172.07,0.1,0.5055,0,-21.2,22.0,11.1,0.2,0.5081,0,-44.5,39.4,8.3,-0.2,0.5064,0,-183.0,121.1,17.6
2025-09-27T09:29,109083.66,0.1,0.5128,1,-21.6,22.3,18.3,0.2,0.5133,1,-44.4,39.4,15.9,-0.2,0.5075,1,-182.9,121.0,33.5
2025-09-27T09:44,109276.27,0.1,0.4992,0,-22.1,22.8,11.5,0.3,0.5000,0,-45.4,40.3,11.4,-0.2,0.5024,0,-187.3,124.0,25.9
2025-09-27T09:59,109292.73,0.0,0.4979,0,-22.0,22.7,12.7,0.2,0.4980,0,-45.4,40.3,9.8,-0.2,0.5021,0,-187.3,124.0,20.7
2025-09-27T10:14,109293.26,-0.0,0.4890,0,-21.7,22.2,3.8,0.2,0.4925,0,-44.7,39.6,0.6,-0.2,0.5042,0,-184.5,122.1,14.9
2025-09-27T10:29,109283.97,-0.0,0.4868,1,-21.4,21.9,4.9,0.2,0.4903,0,-44.2,39.1,6.9,-0.1,0.5040,0,-182.6,120.9,14.4
2025-09-27T10:44,109402.39,-0.0,0.4676,1,-21.1,21.5,-9.9,0.1,0.4843,1,-43.6,38.5,-4.8,-0.1,0.4982,0,-180.1,119.3,-1.2
2025-09-27T10:59,109431.7,-0.0,0.4703,1,-20.9,21.4,-11.1,0.2,0.4849,1,-43.4,38.3,-11.4,-0.1,0.4997,0,-179.4,118.8,-5.8
2025-09-27T11:14,109335.01,-0.0,0.4747,1,-21.0,21.4,-6.6,0.2,0.4904,0,-43.6,38.5,1.6,0.1,0.5067,0,-180.1,119.6,-1.1
2025-09-27T11:29,109337.3,-0.0,0.4730,1,-20.9,21.4,-7.3,0.2,0.4934,0,-43.6,38.5,-2.2,0.1,0.5067,0,-180.4,119.8,-6.0
2025-09-27T11:44,109293.66,0.0,0.4915,0,-20.4,20.9,9.8,0.2,0.5009,0,-42.6,37.6,-0.2,0.1,0.5118,1,-176.4,117.1,0.3
2025-09-27T11:59,109310.21,0.0,0.4858,1,-20.1,20.7,8.2,0.2,0.4990,0,-42.1,37.3,-2.0,0.1,0.5099,1,-174.7,116.0,5.4
2025-09-27T12:14,109262.7,0.0,0.4852,1,-19.8,20.4,3.4,0.2,0.4975,0,-41.6,36.8,-3.5,0.1,0.5115,1,-172.7,114.7,15.1
2025-09-27T12:29,109257.18,0.0,0.4881,0,-19.6,20.1,9.3,0.2,0.5008,0,-41.2,36.4,0.5,0.1,0.5109,1,-171.0,113.6,15.8
2025-09-27T12:44,109401.01,0.0,0.4846,1,-20.3,20.9,-4.7,0.2,0.5002,0,-42.8,37.9,-6.2,0.0,0.5013,0,-178.2,118.3,-14.5
2025-09-27T12:59,109400.05,-0.0,0.4834,1,-20.5,21.0,-8.5,0.2,0.4984,0,-43.2,38.2,0.2,0.0,0.4985,0,-180.0,119.5,-7.8
2025-09-27T13:14,109299.64,-0.0,0.4906,0,-20.4,20.9,4.9,0.2,0.4999,0,-43.1,38.1,4.2,0.1,0.5037,0,-179.8,119.4,10.1
2025-09-27T13:29,109359.26,0.0,0.4850,1,-20.3,20.8,-4.2,0.2,0.4944,0,-43.0,38.0,2.2,0.1,0.5021,0,-179.4,119.1,10.7
2025-09-27T13:44,109349.99,0.0,0.4957,0,-19.2,19.7,-5.3,0.2,0.5031,0,-40.7,36.0,1.9,0.0,0.5045,0,-170.1,112.9,22.4
2025-09-27T13:59,109306.61,0.1,0.5005,0,-18.7,19.3,-1.7,0.2,0.5088,0,-39.9,35.3,7.5,-0.0,0.5092,1,-166.9,110.7,30.4
2025-09-27T14:14,109353,0.0,0.4873,1,-18.5,19.0,-11.7,0.2,0.4973,0,-39.4,34.8,-2.5,0.1,0.5067,0,-164.8,109.4,16.7
2025-09-27T14:29,109312.87,0.1,0.4924,0,-18.1,18.7,-4.6,0.2,0.5037,0,-38.8,34.4,-0.5,0.1,0.5121,1,-162.6,108.0,36.8
2025-09-27T14:44,109291.99,0.1,0.4881,0,-17.9,18.5,3.8,0.2,0.5075,0,-38.4,34.0,3.8,0.1,0.5124,1,-161.2,107.1,36.2
2025-09-27T14:59,109287.89,0.1,0.4897,0,-17.8,18.4,10.5,0.2,0.5071,0,-38.3,34.0,8.7,0.0,0.5120,1,-161.0,106.9,51.3
2025-09-27T15:14,109224.64,0.1,0.5042,0,-17.7,18.3,11.1,0.2,0.5148,1,-38.1,33.8,16.7,0.1,0.5164,1,-160.4,106.5,49.6
2025-09-27T15:29,109263.11,0.1,0.5042,0,-17.5,18.1,10.9,0.2,0.5143,1,-37.8,33.5,14.0,0.0,0.5087,1,-159.2,105.7,58.1
2025-09-27T15:44,109332.99,0.1,0.5000,0,-17.6,18.1,3.5,0.2,0.5119,1,-38.0,33.6,4.6,0.0,0.5104,1,-160.1,106.3,54.5
2025-09-27T15:59,109402.24,0.1,0.4915,0,-17.5,18.0,-1.2,0.2,0.5054,0,-37.9,33.5,3.0,0.0,0.5058,0,-159.6,106.0,57.9
2025-09-27T16:14,109346,0.0,0.5047,0,-17.3,17.7,-1.9,0.1,0.5082,0,-37.5,33.1,7.4,-0.0,0.5058,0,-158.0,104.8,77.4
2025-09-27T16:29,109382.81,0.0,0.5049,0,-17.1,17.6,-6.9,0.1,0.5103,0,-37.2,32.9,3.2,-0.0,0.5058,0,-157.2,104.3,69.9
2025-09-27T16:44,109370.73,0.0,0.5086,0,-16.8,17.3,-3.4,0.1,0.5099,0,-36.6,32.3,2.3,-0.0,0.5070,0,-154.6,102.5,71.6
2025-09-27T16:59,109389.04,0.0,0.5052,0,-16.6,17.1,-0.6,0.1,0.5143,1,-36.4,32.1,3.2,-0.0,0.5091,1,-153.8,102.0,75.9
2025-09-27T17:14,109325.21,0.1,0.5165,1,-16.7,17.3,7.5,0.3,0.5186,1,-36.5,32.5,6.3,-0.0,0.5206,1,-155.3,103.0,91.7
2025-09-27T17:29,109307.61,0.1,0.5250,1,-16.6,17.3,10.0,0.3,0.5240,1,-36.5,32.6,5.6,0.0,0.5241,1,-155.4,103.2,81.6
2025-09-27T17:44,109333.32,0.1,0.5229,1,-16.7,17.3,4.6,0.3,0.5253,1,-36.6,32.6,5.4,0.1,0.5233,1,-155.8,103.6,90.9
2025-09-27T17:59,109382.47,0.1,0.5209,1,-16.7,17.3,4.8,0.3,0.5257,1,-36.7,32.7,0.7,0.1,0.5218,1,-156.5,104.0,74.8
2025-09-27T18:14,109407.6,0.1,0.5268,1,-16.3,17.0,1.7,0.3,0.5280,1,-36.0,32.1,-1.7,0.1,0.5196,1,-153.7,102.1,63.6
2025-09-27T18:29,109416.48,0.1,0.5307,1,-15.9,16.4,0.2,0.3,0.5299,1,-35.0,31.2,0.6,0.1,0.5205,1,-149.5,99.3,65.7
2025-09-27T18:44,109383.48,0.1,0.5270,1,-15.4,15.9,1.1,0.3,0.5200,1,-34.0,30.3,6.1,0.1,0.5239,1,-145.4,96.6,73.7
2025-09-27T18:59,109434.96,0.1,0.5169,1,-15.0,15.6,-1.0,0.2,0.5100,0,-33.4,29.7,3.7,0.1,0.5195,1,-142.8,94.8,78.2
2025-09-27T19:14,109426.62,0.1,0.5219,1,-14.8,15.4,-2.9,0.2,0.5115,1,-32.9,29.3,16.5,0.1,0.5239,1,-141.1,93.7,63.1
2025-09-27T19:29,109418.34,0.1,0.5202,1,-14.7,15.2,-4.5,0.2,0.5124,1,-32.7,29.0,25.7,0.1,0.5236,1,-139.9,92.9,83.7
2025-09-27T19:44,109395.71,0.0,0.5169,1,-14.5,15.0,-0.3,0.2,0.5099,0,-32.4,28.7,16.7,-0.1,0.5209,1,-138.9,92.0,85.7
2025-09-27T19:59,109424.2,0.0,0.5117,0,-14.4,14.9,-3.1,0.2,0.5100,0,-32.2,28.6,16.6,0.1,0.5231,1,-138.1,91.7,83.1
2025-09-27T20:14,109394.42,0.0,0.5180,1,-14.4,14.8,-0.5,0.2,0.5103,0,-32.2,28.6,19.0,-0.1,0.5224,1,-138.4,91.7,93.8
2025-09-27T20:29,109369.04,0.1,0.5141,1,-14.2,14.7,4.9,0.2,0.5122,1,-31.9,28.4,16.0,0.1,0.5220,1,-137.3,91.2,116.4
2025-09-27T20:44,109392.56,0.1,0.5070,0,-14.3,14.8,5.2,0.2,0.5116,0,-32.1,28.5,19.2,0.0,0.5218,1,-138.3,91.8,140.8
2025-09-27T20:59,109390,0.1,0.5126,0,-14.2,14.7,7.8,0.2,0.5132,1,-31.9,28.4,22.4,0.0,0.5213,1,-137.7,91.4,128.4
2025-09-27T21:14,109389.47,0.1,0.5084,0,-13.9,14.5,19.9,0.3,0.5151,1,-31.5,28.1,16.3,0.1,0.5210,1,-136.2,90.5,133.7
2025-09-27T21:29,109423.19,0.1,0.5037,0,-13.8,14.3,25.3,0.2,0.5034,0,-31.3,27.9,33.3,0.1,0.5196,1,-135.3,89.9,119.1
2025-09-27T21:44,109449.74,-0.0,0.4859,1,-13.8,14.1,11.7,-0.1,0.4971,0,-31.3,27.4,20.1,0.1,0.5196,1,-134.3,89.2,112.1
2025-09-27T21:59,109474.99,0.0,0.4949,0,-13.6,14.0,11.9,0.2,0.4992,0,-30.8,27.3,12.1,0.1,0.5200,1,-133.3,88.5,123.4
2025-09-27T22:14,109607.83,0.1,0.4820,1,-14.2,14.7,-0.5,0.1,0.4875,1,-31.7,28.1,-11.3,-0.1,0.5137,1,-137.4,90.9,167.6
2025-09-27T22:29,109699.98,-0.1,0.4730,1,-14.8,15.0,-14.2,-0.1,0.4819,1,-32.5,28.2,-19.0,-0.3,0.5098,1,-139.7,92.2,183.0
2025-09-27T22:44,109578.07,0.1,0.4975,0,-14.7,15.2,2.2,0.2,0.4975,0,-32.4,28.7,-13.8,0.1,0.5177,1,-140.3,93.2,209.7
2025-09-27T22:59,109605.62,0.0,0.4851,1,-14.9,15.4,2.8,0.2,0.4929,0,-32.8,29.1,-23.0,-0.1,0.5142,1,-142.6,94.4,210.6
2025-09-27T23:14,109602,-0.1,0.4819,1,-14.8,15.0,-3.1,-0.1,0.4941,0,-32.6,28.5,-20.4,0.0,0.5147,1,-140.7,93.4,226.3
2025-09-27T23:29,109543.85,0.1,0.4996,0,-14.8,15.4,22.2,0.2,0.5125,1,-32.8,29.2,-5.2,0.1,0.5192,1,-142.9,94.9,231.4
2025-09-27T23:44,109602.48,0.1,0.4968,0,-14.7,15.2,6.2,0.2,0.5025,0,-32.6,29.0,-14.3,0.0,0.5156,1,-142.1,94.3,238.4
2025-09-27T23:59,109635.85,0.1,0.5005,0,-14.6,15.1,-2.6,0.1,0.5019,0,-32.4,28.7,-17.2,-0.2,0.5148,1,-141.4,93.5,228.0
2025-09-28T00:14,109567.81,0.0,0.5132,1,-14.9,14.9,-7.6,0.2,0.5132,1,-32.0,29.1,-7.7,0.1,0.5104,1,-139.1,94.1,229.3
2025-09-28T00:29,109787.74,-0.1,0.4694,1,-15.4,15.2,-27.0,-0.3,0.4853,1,-33.2,29.2,-30.4,-0.2,0.5047,0,-140.9,94.9,217.2
2025-09-28T00:44,109670.01,-0.1,0.4854,1,-16.1,15.9,-22.1,-0.1,0.4995,0,-34.6,30.8,-23.8,-0.1,0.5064,0,-147.9,99.7,215.3
2025-09-28T00:59,109607.81,0.1,0.5030,0,-16.4,16.5,-23.2,0.3,0.5142,1,-35.2,32.0,-15.7,0.1,0.5107,1,-151.9,102.8,239.1
2025-09-28T01:14,109484.57,0.1,0.5078,0,-16.4,16.6,-9.7,0.3,0.5255,1,-35.4,32.2,-1.9,0.2,0.5141,1,-152.8,103.5,248.7
2025-09-28T01:29,109491.6,0.1,0.5025,0,-16.3,16.4,-0.4,0.3,0.5227,1,-34.4,31.3,-11.5,0.1,0.5167,1,-148.8,100.7,230.3
2025-09-28T01:44,109427.36,0.1,0.5072,0,-16.1,16.2,1.7,0.3,0.5244,1,-33.4,30.4,-5.0,0.2,0.5203,1,-144.4,97.8,236.9
2025-09-28T01:59,109353.67,0.1,0.5109,0,-15.9,16.0,8.6,0.3,0.5267,1,-32.4,29.6,1.1,0.2,0.5205,1,-140.5,95.2,226.2
2025-09-28T02:14,109378.26,0.1,0.5079,0,-15.8,16.0,9.7,0.3,0.5236,1,-32.4,29.6,-2.0,0.2,0.5175,1,-140.8,95.4,221.4
2025-09-28T02:29,109487.06,0.1,0.4869,1,-15.9,16.0,-3.0,0.2,0.5090,0,-32.6,29.5,-8.2,0.1,0.5150,1,-141.2,95.6,216.7
2025-09-28T02:44,109445.66,0.1,0.5016,0,-15.7,15.8,-3.3,0.2,0.5115,0,-32.2,29.2,-8.2,0.1,0.5139,1,-139.9,94.7,200.3
2025-09-28T02:59,109447.55,0.1,0.4980,0,-15.7,15.8,-1.1,0.2,0.5115,0,-32.3,29.3,-8.3,0.0,0.5129,1,-140.4,94.9,208.2
2025-09-28T03:14,109484,0.1,0.4922,0,-15.5,15.6,-1.8,0.1,0.5058,0,-32.1,29.0,-9.2,0.1,0.5109,1,-139.3,94.3,190.4
2025-09-28T03:29,109454.65,0.1,0.5062,0,-15.2,15.4,-8.1,0.2,0.5143,1,-31.5,28.7,-16.0,0.0,0.5152,1,-137.5,93.0,208.1
2025-09-28T03:44,109409.17,0.1,0.5094,0,-14.9,15.1,-3.3,0.3,0.5203,1,-31.0,28.3,2.6,0.0,0.5157,1,-135.5,91.6,207.7
2025-09-28T03:59,109436,0.1,0.5028,0,-14.7,14.9,-6.4,0.3,0.5139,1,-30.5,27.8,-2.4,0.0,0.5138,1,-133.4,90.2,218.9
2025-09-28T04:14,109464,0.1,0.5122,0,-14.3,14.4,-9.8,0.2,0.5141,1,-29.8,27.1,-8.3,0.0,0.5144,1,-130.3,88.1,211.7
2025-09-28T04:29,109366.11,0.1,0.5182,1,-14.2,14.5,2.8,0.3,0.5247,1,-29.7,27.1,8.4,0.0,0.5181,1,-130.3,88.2,221.2
2025-09-28T04:44,109373.16,0.1,0.5074,0,-14.2,14.3,-1.5,0.2,0.5141,1,-29.6,26.9,8.1,0.0,0.5159,1,-129.6,87.7,226.0
2025-09-28T04:59,109365.9,0.1,0.5106,0,-14.0,14.2,-0.9,0.2,0.5179,1,-29.3,26.7,13.4,0.0,0.5165,1,-128.7,87.0,221.2
2025-09-28T05:14,109356.43,0.1,0.5010,0,-13.9,14.0,2.4,0.2,0.5163,1,-29.2,26.5,13.8,0.0,0.5170,1,-128.1,86.6,210.8
2025-09-28T05:29,109396.93,0.0,0.4844,1,-13.7,13.7,-10.7,0.2,0.5034,0,-28.6,26.0,11.7,0.0,0.5141,1,-125.9,85.1,202.1
2025-09-28T05:44,109356.43,0.1,0.4990,0,-13.5,13.7,7.4,0.3,0.5087,0,-28.4,26.0,15.1,0.0,0.5172,1,-125.4,84.8,213.0
2025-09-28T05:59,109356.43,0.1,0.4952,0,-13.4,13.6,4.9,0.2,0.5084,0,-28.3,25.8,14.0,0.0,0.5173,1,-124.9,84.4,216.8
2025-09-28T06:14,109382.99,0.1,0.4916,0,-13.3,13.4,-0.8,0.2,0.5095,0,-28.1,25.6,-1.7,0.0,0.5160,1,-124.1,83.9,210.6
2025-09-28T06:29,109280.01,0.1,0.5190,1,-13.3,13.5,16.3,0.3,0.5253,1,-28.1,25.7,15.5,0.1,0.5231,1,-124.5,84.2,228.1
2025-09-28T06:44,109437.42,0.0,0.5019,0,-14.0,14.1,2.2,0.2,0.5070,0,-29.6,27.0,11.2,0.0,0.5149,1,-130.9,88.5,208.6
2025-09-28T06:59,109410,0.1,0.4918,0,-13.9,14.0,9.4,0.2,0.5093,0,-29.5,26.8,10.0,0.1,0.5184,1,-130.3,88.3,201.1
2025-09-28T07:14,109373.71,0.1,0.4940,0,-13.8,14.0,12.2,0.3,0.5177,1,-29.5,26.8,7.5,0.1,0.5181,1,-130.4,88.4,204.7
2025-09-28T07:29,109458.28,0.0,0.4954,0,-14.1,14.2,6.0,0.2,0.5063,0,-29.6,26.8,-1.5,0.1,0.5110,1,-130.8,88.5,194.5
2025-09-28T07:44,109461.61,-0.1,0.4867,1,-13.7,13.5,5.5,-0.1,0.5065,0,-28.6,25.5,-6.6,0.1,0.5130,1,-125.6,85.0,205.4
2025-09-28T07:59,109513.06,-0.1,0.4820,1,-13.7,13.6,-0.3,-0.1,0.5007,0,-28.9,25.6,-13.2,0.1,0.5135,1,-126.7,85.7,212.6
2025-09-28T08:14,109507.09,-0.1,0.4768,1,-13.7,13.6,-13.1,-0.1,0.4996,0,-28.9,25.6,-16.8,-0.0,0.5143,1,-126.9,85.8,224.2
2025-09-28T08:29,109524.46,-0.1,0.4765,1,-13.6,13.5,-6.8,-0.1,0.5004,0,-28.7,25.6,-23.1,0.1,0.5158,1,-126.3,85.5,241.5
2025-09-28T08:44,109521.47,-0.1,0.4777,1,-13.4,13.3,3.5,-0.1,0.5009,0,-28.4,25.2,-20.5,-0.0,0.5168,1,-125.2,84.6,247.0
2025-09-28T08:59,109509.91,-0.1,0.4857,1,-13.2,13.0,0.9,-0.1,0.5061,0,-28.0,24.8,-12.9,-0.0,0.5195,1,-123.3,83.3,233.7
2025-09-28T09:14,109363.93,-0.0,0.5007,0,-13.4,13.3,8.4,-0.1,0.5159,1,-28.5,25.2,5.8,0.0,0.5260,1,-125.5,84.8,241.6
2025-09-28T09:29,109449.49,-0.1,0.4866,1,-13.5,13.3,-0.7,-0.1,0.5029,0,-28.8,25.5,-1.8,-0.0,0.5194,1,-127.0,85.8,245.6
2025-09-28T09:44,109559.89,-0.1,0.4858,1,-13.9,13.7,-15.6,-0.1,0.5067,0,-29.6,26.3,-29.0,0.1,0.5154,1,-130.9,88.6,224.9
2025-09-28T09:59,109519.42,-0.0,0.4920,0,-13.8,13.7,-13.8,0.2,0.5036,0,-29.3,26.6,-18.7,0.1,0.5188,1,-130.8,88.5,233.9
2025-09-28T10:14,109455.72,-0.1,0.4880,0,-13.7,13.5,-12.1,-0.0,0.5043,0,-29.3,26.2,-4.2,0.1,0.5185,1,-130.1,88.1,242.8
2025-09-28T10:29,109441.7,-0.0,0.4935,0,-13.4,13.2,-15.5,-0.0,0.5136,1,-28.6,25.6,3.2,0.1,0.5243,1,-127.2,86.1,251.1
2025-09-28T10:44,109389.5,0.0,0.5021,0,-13.1,13.2,-8.5,0.2,0.5169,1,-27.5,25.0,18.8,0.0,0.5253,1,-123.5,83.5,239.9
2025-09-28T10:59,109368.44,0.1,0.4998,0,-13.0,13.1,0.1,0.2,0.5176,1,-27.3,24.9,24.7,0.1,0.5253,1,-122.9,83.2,245.8
2025-09-28T11:14,109323.3,0.0,0.4982,0,-12.7,12.7,9.5,0.2,0.5121,0,-26.8,24.3,19.4,0.2,0.5256,1,-120.2,81.5,235.0
2025-09-28T11:29,109272.24,0.1,0.5007,0,-13.0,13.1,14.4,0.3,0.5183,1,-26.9,24.5,40.5,0.1,0.5234,1,-121.2,82.0,242.9
2025-09-28T11:44,109296.9,0.0,0.4954,0,-13.0,13.1,-5.0,0.2,0.5181,1,-27.1,24.6,35.7,0.1,0.5216,1,-121.8,82.4,252.3
2025-09-28T11:59,109369.02,0.0,0.4884,0,-13.6,13.6,-4.9,0.2,0.5153,1,-28.3,25.7,43.9,0.0,0.5193,1,-127.5,86.2,246.6
2025-09-28T12:14,109427.69,0.0,0.4930,0,-14.0,14.0,-1.6,0.2,0.5124,0,-29.2,26.4,31.0,-0.0,0.5184,1,-131.5,88.8,245.3
2025-09-28T12:29,109429.46,0.0,0.4909,0,-14.2,14.2,4.3,0.1,0.5101,0,-29.2,26.3,42.9,0.1,0.5194,1,-131.2,88.9,265.6
2025-09-28T12:44,109242.64,0.2,0.5146,1,-14.2,14.5,32.3,0.3,0.5253,1,-29.3,26.7,62.7,0.1,0.5256,1,-132.8,89.8,259.4
2025-09-28T12:59,109314.99,0.0,0.5088,0,-14.4,14.4,29.6,0.2,0.5221,1,-29.5,26.8,65.9,0.0,0.5209,1,-133.6,90.4,244.6
2025-09-28T13:14,109409.99,0.0,0.5091,0,-14.1,14.1,11.5,0.2,0.5159,1,-29.0,26.3,71.5,0.0,0.5179,1,-131.2,88.7,242.4
2025-09-28T13:29,109476.81,0.0,0.5091,0,-13.9,14.0,21.8,0.1,0.5176,1,-28.8,26.0,61.3,0.0,0.5156,1,-130.4,88.1,243.9
2025-09-28T13:44,109595.59,0.0,0.5049,0,-14.0,14.0,8.4,0.1,0.5079,0,-28.4,25.5,51.1,-0.0,0.5104,0,-128.4,86.7,332.4
2025-09-28T13:59,109639,0.0,0.5028,0,-13.6,13.6,19.2,0.1,0.5055,0,-27.2,24.5,53.0,-0.0,0.5091,0,-123.2,83.2,322.0
2025-09-28T14:14,109535.5,0.0,0.5117,0,-13.9,13.9,21.1,0.1,0.5166,1,-27.8,25.1,72.5,-0.0,0.5157,1,-126.0,85.1,382.2
2025-09-28T14:29,109715.95,-0.1,0.4998,0,-14.7,14.5,16.8,-0.2,0.5024,0,-29.2,25.9,44.3,-0.2,0.5084,0,-130.4,87.8,360.5
2025-09-28T14:44,109688,-0.0,0.4982,0,-14.4,14.3,22.0,0.1,0.5027,0,-28.8,25.9,58.5,-0.1,0.5136,1,-128.2,86.5,392.5
2025-09-28T14:59,109850.01,-0.1,0.4868,0,-15.3,15.1,17.1,-0.2,0.4995,0,-30.6,27.0,32.1,-0.2,0.5102,0,-133.8,90.1,373.8
2025-09-28T15:14,109767.23,-0.1,0.4976,0,-15.7,15.6,38.9,-0.2,0.5095,0,-31.2,27.5,30.8,-0.1,0.5147,1,-135.1,91.2,373.4
2025-09-28T15:29,109899.99,-0.1,0.4913,0,-15.9,15.7,22.7,-0.2,0.5031,0,-31.2,27.6,21.6,-0.2,0.5177,1,-134.3,90.4,348.7
2025-09-28T15:44,109929.99,-0.1,0.4920,0,-16.3,16.1,20.6,-0.2,0.5030,0,-31.8,28.0,23.9,-0.2,0.5163,1,-135.4,91.1,358.9
2025-09-28T15:59,110037.93,-0.1,0.4952,0,-16.5,16.2,16.7,-0.4,0.5021,0,-32.0,27.9,23.2,-0.3,0.5159,1,-134.4,90.3,337.5
2025-09-28T16:14,110195.21,-0.3,0.4894,0,-18.3,17.7,12.4,-0.5,0.4995,0,-35.1,30.4,-6.9,-0.3,0.5117,0,-145.6,97.9,337.5
2025-09-28T16:29,110150.07,-0.1,0.4966,0,-19.2,18.9,4.8,-0.5,0.5096,0,-36.7,32.0,17.0,-0.1,0.5190,1,-151.2,102.0,331.4
2025-09-28T16:44,110157.12,-0.1,0.4953,0,-20.2,19.9,15.8,-0.5,0.5101,0,-38.4,33.4,16.3,-0.1,0.5179,1,-156.4,105.5,321.9
2025-09-28T16:59,110222.02,-0.2,0.4933,0,-20.3,19.9,-1.7,-0.5,0.5052,0,-38.2,33.1,10.5,-0.4,0.5163,1,-154.4,103.7,304.2
2025-09-28T17:14,110332.21,-0.3,0.4781,1,-19.0,18.3,-20.5,-0.5,0.4915,0,-35.9,31.1,8.4,-0.1,0.5021,0,-143.7,96.9,308.1
2025-09-28T17:29,110202.74,-0.2,0.4855,1,-18.3,17.9,-5.9,-0.5,0.5007,0,-35.3,30.7,40.5,-0.1,0.5026,0,-139.9,94.5,329.1
2025-09-28T17:44,110331.16,-0.3,0.4714,1,-18.1,17.4,-12.5,-0.5,0.4893,0,-35.0,30.4,55.4,-0.1,0.4930,0,-137.5,92.8,320.0
2025-09-28T17:59,110203.52,-0.2,0.4844,1,-18.1,17.7,8.2,-0.5,0.4994,0,-35.6,30.9,54.3,-0.0,0.5053,0,-138.6,93.6,342.5
2025-09-28T18:14,110105.92,-0.1,0.4887,0,-18.4,18.2,1.3,-0.4,0.5070,0,-36.2,31.5,68.4,0.2,0.5043,0,-139.6,94.7,350.3
2025-09-28T18:29,110138.1,-0.1,0.4900,0,-17.9,17.7,18.1,-0.4,0.5019,0,-35.1,30.7,54.0,0.2,0.5044,0,-135.8,92.0,341.4
2025-09-28T18:44,110193.16,-0.1,0.4881,0,-17.2,16.9,13.1,-0.2,0.5003,0,-33.6,29.7,44.5,-0.0,0.5024,0,-131.0,88.5,338.3
2025-09-28T18:59,110293.56,-0.2,0.4795,1,-16.8,16.3,4.0,-0.3,0.4936,0,-32.8,28.7,48.9,-0.1,0.4981,0,-127.5,86.0,331.3
2025-09-28T19:14,110119.72,-0.1,0.4972,0,-17.2,17.0,27.7,-0.2,0.5044,0,-33.8,29.8,121.0,0.2,0.5063,0,-131.8,89.3,347.2
2025-09-28T19:29,110338.01,-0.3,0.4779,1,-18.2,17.6,28.2,-0.5,0.4892,0,-35.0,30.4,125.0,-0.1,0.4984,0,-135.9,91.6,326.9
2025-09-28T19:44,110337.2,-0.3,0.4785,1,-18.0,17.4,54.8,-0.5,0.4887,0,-34.7,30.1,140.6,-0.1,0.4939,0,-134.8,90.9,339.8
2025-09-28T19:59,110337.6,-0.3,0.4801,1,-18.0,17.4,42.2,-0.5,0.4909,0,-34.8,30.2,144.0,-0.1,0.4950,0,-135.3,91.3,349.8
2025-09-28T20:14,110425,-0.3,0.4741,1,-17.8,17.2,39.5,-0.6,0.4891,0,-33.9,29.3,151.5,-0.1,0.4930,0,-132.4,89.3,350.9
2025-09-28T20:29,110650,-0.3,0.4711,1,-19.2,18.5,7.6,-0.6,0.4831,1,-36.2,31.3,130.9,-0.7,0.4865,0,-141.4,94.4,323.7
2025-09-28T20:44,110943.66,-0.4,0.4697,1,-21.7,20.8,-23.4,-0.7,0.4843,1,-40.5,34.9,116.8,-0.8,0.4848,1,-157.2,104.9,306.2
2025-09-28T20:59,110803.8,-0.4,0.4824,1,-22.2,21.4,2.7,-0.7,0.4920,0,-41.2,35.6,122.0,-0.8,0.4945,0,-159.6,106.6,307.0
2025-09-28T21:14,110861.61,-0.4,0.4734,1,-22.1,21.3,53.8,-0.7,0.4883,0,-40.6,35.1,111.9,-0.2,0.4905,0,-156.0,105.1,295.5
2025-09-28T21:29,110734.6,-0.3,0.4818,1,-21.2,20.5,89.2,-0.6,0.4928,0,-39.5,34.2,131.4,-0.1,0.4991,0,-151.2,102.0,304.1
2025-09-28T21:44,110684.11,-0.3,0.4853,1,-19.7,19.1,109.3,-0.5,0.4950,0,-36.5,31.6,123.2,-0.7,0.5075,0,-139.7,93.3,311.1
2025-09-28T21:59,110833.99,-0.3,0.4703,1,-19.3,18.7,99.2,-0.6,0.4774,1,-36.2,31.3,127.9,-0.7,0.4950,0,-137.9,92.1,297.1
2025-09-28T22:14,111459.99,-0.6,0.4648,1,-33.2,32.0,58.2,-1.0,0.4719,1,-61.5,53.2,69.9,-0.2,0.4814,1,-232.6,156.8,236.8
2025-09-28T22:29,111726.34,-0.6,0.4670,1,-35.0,33.7,34.1,-1.0,0.4715,1,-64.3,55.6,28.3,-1.2,0.4757,1,-243.1,162.3,209.4
2025-09-28T22:44,111899.99,-0.7,0.4663,1,-37.4,36.0,30.9,-1.1,0.4692,1,-68.3,59.0,13.4,-1.2,0.4730,1,-257.0,171.6,190.4
2025-09-28T22:59,111938.51,-0.6,0.4688,1,-38.6,37.3,20.1,-1.1,0.4692,1,-69.9,60.5,-7.4,-0.2,0.4700,1,-261.1,176.1,199.1
2025-09-28T23:14,112111.03,-0.6,0.4795,1,-32.9,31.7,-0.2,-0.9,0.4714,1,-59.1,51.1,-25.4,-1.0,0.4731,1,-220.7,147.4,187.8
2025-09-28T23:29,112107.85,-0.6,0.4736,1,-33.1,31.9,8.1,-0.9,0.4698,1,-58.9,51.0,-19.9,-1.0,0.4771,1,-219.1,146.4,193.7
2025-09-28T23:44,112246.83,-0.5,0.4665,1,-31.7,30.5,-17.0,-0.9,0.4632,1,-57.0,49.4,-52.5,-0.9,0.4682,1,-211.5,141.3,175.0
2025-09-28T23:59,112163.95,-0.5,0.4695,1,-31.1,30.0,8.6,-0.8,0.4664,1,-56.7,49.1,-37.0,-0.9,0.4731,1,-209.4,139.9,189.7
2025-09-29T00:14,112109.19,-0.5,0.4672,1,-27.8,27.0,11.8,-0.7,0.4699,1,-51.7,43.7,-46.6,-1.0,0.4685,1,-164.9,127.0,194.2
2025-09-29T00:29,112198.87,-0.5,0.4621,1,-28.6,27.8,-13.9,-0.8,0.4671,1,-53.9,45.5,-39.5,-1.0,0.4659,1,-171.1,131.8,174.2
2025-09-29T00:44,112056.48,-0.5,0.4742,1,-29.2,28.3,-0.6,-0.8,0.4785,1,-55.6,47.0,-31.4,-1.0,0.4783,1,-176.0,135.6,205.8
2025-09-29T00:59,112260.57,-0.5,0.4640,1,-29.9,29.0,-36.2,-0.8,0.4664,1,-57.7,48.8,-36.0,-1.1,0.4734,1,-182.0,140.2,199.8
2025-09-29T01:14,112241.53,-0.5,0.4669,1,-29.6,28.8,-37.0,-0.7,0.4666,1,-57.7,48.9,-38.9,-1.1,0.4650,1,-181.5,139.8,221.2
2025-09-29T01:29,112042.97,-0.4,0.4799,1,-28.7,28.0,-14.1,-0.7,0.4710,1,-56.2,47.6,-20.6,-1.0,0.4795,1,-177.6,136.9,228.4
2025-09-29T01:44,112050.09,-0.4,0.4723,1,-27.6,27.0,-34.9,-0.7,0.4677,1,-54.2,45.9,-15.8,-1.0,0.4689,1,-172.4,132.9,211.8
2025-09-29T01:59,111855.3,-0.4,0.4821,1,-28.5,27.9,-9.4,-0.7,0.4790,1,-54.9,46.6,-3.9,-0.9,0.4778,1,-175.8,135.7,233.7
2025-09-29T02:14,111826.79,-0.4,0.4804,1,-28.7,28.1,-21.4,-0.6,0.4798,1,-54.4,46.2,-12.6,-0.9,0.4801,1,-175.2,135.2,228.3
2025-09-29T02:29,111885.07,-0.4,0.4813,1,-28.5,27.9,-11.5,-0.5,0.4755,1,-53.9,46.0,-22.8,-1.0,0.4746,1,-175.1,135.0,228.6
2025-09-29T02:44,111659.53,-0.3,0.4879,0,-29.4,28.9,4.1,-0.5,0.4892,0,-54.8,46.8,4.6,-0.6,0.4874,0,-178.9,138.5,249.0
2025-09-29T02:59,111750.02,-0.4,0.4779,1,-28.1,27.6,9.6,-0.5,0.4805,1,-52.4,44.7,0.3,-0.7,0.4794,1,-172.1,133.1,239.3
2025-09-29T03:14,111588.08,-0.2,0.4858,1,-28.0,27.7,19.5,-0.6,0.4877,0,-52.7,44.8,11.0,-0.6,0.4866,0,-173.6,134.6,247.8
2025-09-29T03:29,111756.7,-0.3,0.4803,1,-27.5,26.9,5.0,-0.5,0.4814,1,-51.4,43.8,4.0,-0.7,0.4775,1,-170.8,132.1,227.3
2025-09-29T03:44,111704.95,-0.3,0.4761,1,-26.4,25.8,15.0,-0.5,0.4782,1,-49.4,42.2,3.5,-0.7,0.4803,1,-165.3,127.8,240.8
2025-09-29T03:59,111857.51,-0.4,0.4703,1,-26.3,25.8,-4.1,-0.5,0.4691,1,-49.4,42.2,-20.1,-0.8,0.4695,1,-166.3,128.5,222.7
2025-09-29T04:14,111806.01,-0.3,0.4764,1,-23.8,23.3,-10.8,-0.4,0.4635,1,-44.8,38.3,-15.3,-0.7,0.4702,1,-151.8,117.3,221.5
2025-09-29T04:29,111812.13,-0.4,0.4778,1,-23.1,22.4,-16.3,-0.4,0.4676,1,-43.4,37.0,-18.3,-0.7,0.4767,1,-147.8,114.2,210.0
2025-09-29T04:44,111872.94,-0.4,0.4762,1,-22.6,21.9,-14.5,-0.4,0.4602,1,-42.5,36.2,-12.5,-0.8,0.4717,1,-145.7,112.4,206.3
2025-09-29T04:59,111812,-0.4,0.4764,1,-22.1,21.4,-5.2,-0.4,0.4660,1,-41.6,35.5,4.8,-0.7,0.4813,1,-143.4,110.8,201.8
2025-09-29T05:14,111685.81,-0.3,0.4801,1,-22.1,21.5,2.3,-0.4,0.4740,1,-41.7,35.7,27.1,-0.5,0.4866,0,-144.7,112.1,216.2
2025-09-29T05:29,111630.12,-0.3,0.4822,1,-21.9,21.4,15.3,-0.4,0.4739,1,-41.6,35.5,51.1,-0.5,0.4982,0,-145.0,112.3,204.8
2025-09-29T05:44,111710.8,-0.4,0.4758,1,-21.8,21.2,3.0,-0.4,0.4719,1,-41.4,35.3,49.1,-0.6,0.4918,0,-145.0,112.2,200.7
2025-09-29T05:59,111753.34,-0.4,0.4746,1,-21.6,21.0,-10.8,-0.4,0.4648,1,-41.2,35.1,30.9,-0.6,0.4811,1,-145.1,112.3,190.6
2025-09-29T06:14,111711.02,-0.4,0.4865,1,-21.2,20.5,-6.8,-0.5,0.4690,1,-40.4,34.2,29.2,-0.6,0.4908,0,-143.0,110.6,198.7
2025-09-29T06:29,111800.94,-0.4,0.4816,1,-20.6,19.9,-17.3,-0.5,0.4582,1,-39.3,33.3,33.1,-0.7,0.4796,1,-140.1,108.2,187.9
2025-09-29T06:44,111744.31,-0.3,0.4738,1,-20.3,19.7,-1.0,-0.5,0.4619,1,-38.9,33.0,27.5,-0.6,0.4809,1,-139.2,107.7,200.5
2025-09-29T06:59,111632.83,-0.4,0.4867,1,-20.4,19.7,20.9,-0.5,0.4761,1,-39.1,33.1,42.7,-0.5,0.5016,0,-140.8,109.1,200.3
2025-09-29T07:14,111635.46,-0.4,0.4830,1,-20.1,19.5,31.7,-0.5,0.4681,1,-38.7,32.8,45.6,-0.5,0.4868,0,-140.1,108.5,202.7
2025-09-29T07:29,111607.86,-0.3,0.4748,1,-20.2,19.6,53.1,-0.5,0.4688,1,-38.9,33.0,55.1,-0.5,0.4921,0,-141.9,110.0,207.9
2025-09-29T07:44,111732.78,-0.4,0.4692,1,-20.5,19.9,47.1,-0.5,0.4613,1,-39.6,33.5,28.0,-0.6,0.4805,1,-145.2,112.4,168.9
2025-09-29T07:59,111865.95,-0.4,0.4674,1,-20.3,19.6,20.9,-0.5,0.4557,1,-38.5,32.5,20.0,-0.7,0.4711,1,-142.0,109.6,162.6
2025-09-29T08:14,111989.41,-0.4,0.4717,1,-21.9,21.3,4.4,-0.6,0.4542,1,-40.9,34.6,-5.9,-0.8,0.4673,1,-151.9,117.2,151.9
2025-09-29T08:29,112201.73,-0.4,0.4643,1,-22.8,22.1,-2.7,-0.6,0.4459,1,-42.3,35.6,-21.6,-0.8,0.4471,1,-156.1,120.5,121.7
2025-09-29T08:44,112260.24,-0.4,0.4610,1,-22.7,22.1,-18.6,-0.6,0.4460,1,-41.8,35.3,-15.2,-0.8,0.4476,1,-153.8,118.7,105.9
2025-09-29T08:59,112099.75,-0.3,0.4639,1,-23.9,23.3,1.0,-0.6,0.4568,1,-43.1,36.5,0.0,-0.8,0.4656,1,-159.9,123.5,119.9
2025-09-29T09:14,112038.24,-0.3,0.4637,1,-22.3,21.8,9.6,-0.5,0.4542,1,-40.5,34.3,9.5,-0.7,0.4613,1,-150.9,116.5,105.1
2025-09-29T09:29,112171.23,-0.3,0.4558,1,-22.2,21.7,4.8,-0.5,0.4480,1,-40.3,34.1,18.1,-0.7,0.4568,1,-151.1,116.6,96.1
2025-09-29T09:44,112052.03,-0.3,0.4685,1,-22.5,22.0,-0.5,-0.5,0.4637,1,-40.9,34.7,5.5,-0.8,0.4689,1,-154.4,119.2,82.8
2025-09-29T09:59,112110.9,-0.3,0.4562,1,-21.9,21.4,-1.8,-0.5,0.4571,1,-40.3,34.1,-7.9,-0.7,0.4552,1,-151.4,116.9,59.7
2025-09-29T10:14,112145.32,-0.3,0.4634,1,-21.7,21.2,-19.8,-0.5,0.4597,1,-40.4,34.2,-4.5,-0.7,0.4536,1,-151.4,116.9,63.4
2025-09-29T10:29,112225,-0.3,0.4661,1,-21.0,20.5,-23.7,-0.4,0.4576,1,-39.5,33.6,-4.0,-0.7,0.4507,1,-147.6,114.0,54.5
2025-09-29T10:44,112045.96,-0.3,0.4783,1,-21.3,20.9,3.9,-0.3,0.4688,1,-40.2,34.4,111.3,-0.7,0.4692,1,-151.5,117.0,75.7
2025-09-29T10:59,112090.18,-0.3,0.4779,1,-21.3,20.8,0.9,-0.3,0.4670,1,-40.2,34.4,100.9,-0.7,0.4671,1,-152.3,117.6,74.1
2025-09-29T11:14,111923.15,-0.2,0.4936,0,-21.7,21.3,19.8,-0.3,0.4795,1,-41.1,35.2,166.6,-0.7,0.4883,0,-156.7,121.1,85.2
2025-09-29T11:29,111959.32,-0.2,0.4800,1,-22.2,22.0,37.0,-0.3,0.4724,1,-41.5,35.5,158.1,-0.7,0.4736,1,-159.2,123.0,86.1
2025-09-29T11:44,112090,-0.3,0.4678,1,-21.9,21.5,2.1,-0.4,0.4614,1,-40.8,34.8,175.9,-0.7,0.4635,1,-157.3,121.5,82.0
2025-09-29T11:59,112100,-0.3,0.4665,1,-21.6,21.1,-6.9,-0.4,0.4624,1,-40.4,34.4,171.0,-0.7,0.4713,1,-156.6,121.0,84.8
2025-09-29T12:14,112144.99,-0.3,0.4588,1,-21.2,20.7,-4.5,-0.4,0.4556,1,-39.6,33.8,159.1,-0.7,0.4574,1,-154.5,119.3,77.9
2025-09-29T12:29,112374.89,-0.3,0.4581,1,-22.0,21.5,-17.4,-0.4,0.4541,1,-40.4,34.4,126.0,-0.7,0.4537,1,-158.5,122.4,63.0
2025-09-29T12:44,112113.29,-0.2,0.4744,1,-23.9,23.6,105.3,-0.4,0.4756,1,-44.1,37.7,162.3,-0.8,0.4708,1,-174.2,134.6,99.7
2025-09-29T12:59,112022.16,-0.2,0.4827,1,-25.3,25.1,107.0,-0.4,0.4835,1,-46.8,40.1,158.8,-0.8,0.4711,1,-186.3,144.0,87.1
2025-09-29T13:14,112094.74,-0.2,0.4760,1,-25.4,25.2,151.3,-0.4,0.4814,1,-47.2,40.4,166.6,-0.8,0.4656,1,-189.0,146.0,84.0
2025-09-29T13:29,112179.65,-0.2,0.4812,1,-26.1,25.8,138.4,-0.4,0.4805,1,-48.5,41.5,148.8,-0.9,0.4741,1,-195.1,150.8,101.1
2025-09-29T13:44,113300,-0.7,0.4688,1,-40.3,39.1,68.5,-1.1,0.4725,1,-74.1,62.5,40.6,-1.4,0.4583,1,-295.3,228.1,20.1
2025-09-29T13:59,113227.29,-0.8,0.4744,1,-49.4,48.1,71.0,-1.2,0.4765,1,-90.1,76.3,35.2,-1.6,0.4719,1,-358.3,276.8,15.6
2025-09-29T14:14,113803.51,-0.9,0.4724,1,-53.1,51.6,12.3,-1.4,0.4750,1,-96.1,81.1,-1.7,-1.8,0.4661,1,-380.0,293.5,-58.8
2025-09-29T14:29,113743,-0.9,0.4767,1,-54.4,52.9,5.0,-1.4,0.4752,1,-97.7,82.6,12.9,-1.8,0.4745,1,-385.0,297.5,-56.6
2025-09-29T14:44,114079.26,-0.8,0.4755,1,-47.9,46.5,-11.5,-1.2,0.4743,1,-85.3,72.0,-14.0,-1.6,0.4703,1,-334.5,258.4,-75.3
2025-09-29T14:59,114033.53,-0.7,0.4806,1,-40.4,39.2,-19.1,-1.0,0.4797,1,-71.3,60.2,0.9,-1.3,0.4721,1,-278.6,215.2,-38.5
2025-09-29T15:14,113943.67,-0.6,0.4782,1,-37.0,35.9,3.0,-0.9,0.4798,1,-66.2,55.9,7.7,-1.2,0.4806,0,-257.5,198.9,-63.8
2025-09-29T15:29,113800.01,-0.6,0.4849,1,-36.2,35.2,5.4,-0.9,0.4804,1,-65.5,55.4,14.3,-1.2,0.4852,0,-253.9,196.2,-66.1
2025-09-29T15:44,113947.59,-0.6,0.4785,1,-34.4,33.4,-16.4,-0.9,0.4796,1,-63.0,53.3,3.2,-1.1,0.4798,0,-243.4,188.1,-78.1
2025-09-29T15:59,113815.57,-0.6,0.4809,1,-34.8,33.8,-16.7,-0.8,0.4753,1,-64.4,54.5,17.0,-1.1,0.4842,0,-247.9,191.6,-62.5
2025-09-29T16:14,113978.15,-0.6,0.4740,1,-34.8,33.8,-17.0,-0.9,0.4745,1,-65.3,55.2,2.8,-1.1,0.4731,1,-250.2,193.3,-80.1
2025-09-29T16:29,113861.36,-0.6,0.4802,1,-34.3,33.3,2.5,-0.8,0.4745,1,-65.1,55.1,12.6,-1.1,0.4804,0,-248.6,192.1,-70.5
2025-09-29T16:44,113761.21,-0.6,0.4895,0,-34.5,33.6,13.9,-0.8,0.4822,1,-65.6,55.6,34.2,-1.1,0.4912,0,-252.1,194.9,-73.3
2025-09-29T16:59,113626.15,-0.6,0.4910,0,-34.7,33.8,36.7,-0.8,0.4873,1,-66.1,56.0,56.1,-1.1,0.4976,0,-255.5,197.5,-69.3
2025-09-29T17:14,113784.01,-0.6,0.4913,0,-36.2,35.2,21.7,-0.8,0.4867,1,-69.0,58.5,51.3,-1.2,0.4925,0,-268.5,207.5,-57.3
2025-09-29T17:29,113890.25,-0.6,0.4879,1,-36.7,35.7,6.4,-0.9,0.4830,1,-70.2,59.5,35.0,-1.2,0.4878,0,-274.5,212.2,-57.0
2025-09-29T17:44,113919.23,-0.6,0.4897,0,-36.4,35.3,5.7,-0.9,0.4858,1,-69.6,59.0,41.5,-1.2,0.4861,0,-273.9,211.7,-55.2
2025-09-29T17:59,114043.91,-0.6,0.4857,1,-37.1,36.0,-3.1,-0.9,0.4818,1,-69.7,59.0,18.8,-1.2,0.4772,1,-275.9,213.3,-70.2
2025-09-29T18:14,114031.25,-0.6,0.4840,1,-35.5,34.5,-1.9,-0.9,0.4794,1,-66.9,56.6,13.6,-1.2,0.4815,0,-266.4,205.9,-45.5
2025-09-29T18:29,113963.41,-0.6,0.4803,1,-34.7,33.7,3.6,-0.9,0.4777,1,-65.5,55.4,16.7,-1.1,0.4856,0,-262.2,202.7,-43.8
2025-09-29T18:44,113984.46,-0.6,0.4792,1,-33.8,32.8,14.6,-0.9,0.4800,1,-64.0,54.2,17.3,-1.1,0.4849,0,-257.8,199.3,-46.2
2025-09-29T18:59,114008.79,-0.6,0.4789,1,-32.6,31.5,22.5,-0.8,0.4821,1,-61.7,52.2,14.7,-1.1,0.4857,0,-250.0,193.3,-25.8
2025-09-29T19:14,114009.66,-0.6,0.4706,1,-32.1,31.1,31.5,-0.8,0.4795,1,-60.9,51.5,10.6,-1.0,0.4765,1,-248.3,192.0,-12.4
2025-09-29T19:29,114004.55,-0.6,0.4763,1,-31.9,30.9,25.0,-0.8,0.4811,1,-60.7,51.3,7.5,-1.0,0.4772,1,-248.7,192.3,-5.2
2025-09-29T19:44,114151.23,-0.6,0.4684,1,-31.1,30.0,21.2,-0.8,0.4754,1,-59.2,50.0,-8.8,-1.0,0.4681,1,-244.0,188.7,5.4
2025-09-29T19:59,114265.55,-0.6,0.4701,1,-30.4,29.4,-0.6,-0.9,0.4758,1,-58.7,49.5,-6.6,-1.0,0.4704,1,-240.9,186.3,8.3
2025-09-29T20:14,114369,-0.6,0.4662,1,-31.2,30.2,-16.0,-0.9,0.4746,1,-59.1,49.9,-11.6,-1.0,0.4685,1,-244.0,188.7,-17.6
2025-09-29T20:29,114290.07,-0.6,0.4765,1,-30.7,29.7,-11.9,-0.8,0.4807,1,-58.3,49.2,1.0,-1.0,0.4752,1,-242.2,187.4,8.5
2025-09-29T20:44,114393.51,-0.5,0.4590,1,-28.9,28.0,-18.6,-0.8,0.4682,1,-55.1,46.5,-14.5,-1.0,0.4561,1,-230.1,178.0,-7.5
2025-09-29T20:59,114258.29,-0.5,0.4649,1,-27.6,26.7,-7.1,-0.7,0.4673,1,-52.5,44.4,4.7,-0.9,0.4686,1,-221.0,171.0,32.2
2025-09-29T21:14,114186.57,-0.5,0.4693,1,-26.4,25.6,-4.9,-0.7,0.4704,1,-50.4,42.6,10.6,-0.9,0.4734,1,-213.2,164.9,17.5
2025-09-29T21:29,114153.98,-0.5,0.4619,1,-26.0,25.2,-5.6,-0.7,0.4631,1,-49.7,42.1,1.5,-0.8,0.4689,1,-211.7,163.8,12.1
2025-09-29T21:44,114181.42,-0.4,0.4625,1,-25.6,24.8,-11.5,-0.6,0.4645,1,-49.0,41.5,17.9,-0.8,0.4721,1,-210.1,162.6,16.8
2025-09-29T21:59,114176.73,-0.4,0.4658,1,-25.6,24.9,1.1,-0.6,0.4621,1,-49.2,41.7,30.5,-0.8,0.4708,1,-212.3,164.2,-1.4
2025-09-29T22:14,114130.6,-0.4,0.4739,1,-24.7,24.0,9.2,-0.6,0.4651,1,-47.5,40.3,54.3,-0.8,0.4750,1,-206.3,159.6,-0.0
2025-09-29T22:29,114090.5,-0.4,0.4733,1,-24.0,23.3,18.4,-0.6,0.4709,1,-46.2,39.2,47.3,-0.8,0.4805,0,-201.8,156.2,-8.3
2025-09-29T22:44,114050.44,-0.4,0.4714,1,-23.7,22.9,15.6,-0.6,0.4730,1,-45.7,38.7,34.8,-0.8,0.4876,0,-200.6,155.3,-11.1
2025-09-29T22:59,114189.81,-0.4,0.4632,1,-23.2,22.5,10.7,-0.6,0.4670,1,-45.0,38.0,27.2,-0.8,0.4778,1,-198.5,153.7,-21.9
2025-09-29T23:14,114236,-0.4,0.4701,1,-23.3,22.6,6.3,-0.6,0.4681,1,-45.2,38.2,15.1,-0.8,0.4787,0,-200.7,155.4,-34.7
2025-09-29T23:29,114301,-0.5,0.4709,1,-23.3,22.5,-11.4,-0.6,0.4674,1,-45.3,38.3,15.0,-0.8,0.4791,0,-202.3,156.5,-29.3
2025-09-29T23:44,114227.96,-0.4,0.4821,1,-23.0,22.3,13.8,-0.6,0.4715,1,-44.8,37.9,21.6,-0.8,0.4896,0,-201.4,155.9,-22.5
2025-09-29T23:59,114311.96,-0.4,0.4728,1,-22.7,21.9,18.7,-0.6,0.4703,1,-44.2,37.4,12.6,-0.8,0.4865,0,-200.0,154.8,-23.0
2025-09-30T00:14,114307.89,-0.3,0.4744,1,-22.0,22.3,38.8,-0.4,0.4713,1,-42.4,39.8,7.0,-0.6,0.4842,0,-195.3,176.2,-13.3
2025-09-30T00:29,114170.71,-0.3,0.4786,1,-24.5,24.8,40.3,-0.4,0.4814,1,-47.1,44.4,13.6,-0.7,0.4947,0,-218.7,197.3,-13.0
2025-09-30T00:44,114386,-0.3,0.4727,1,-25.4,25.8,5.4,-0.4,0.4748,1,-49.0,46.1,3.7,-0.7,0.4726,1,-228.9,206.5,-36.5
2025-09-30T00:59,114525.97,-0.3,0.4814,1,-27.3,27.6,-2.2,-0.4,0.4819,1,-52.7,49.6,-13.1,-0.8,0.4816,0,-247.4,223.2,-25.0
2025-09-30T01:14,114751.75,-0.3,0.4723,1,-29.9,30.3,-29.9,-0.5,0.4808,1,-57.3,53.9,-38.5,-0.9,0.4762,1,-268.1,241.9,-35.2
2025-09-30T01:29,114631.2,-0.3,0.4766,1,-29.3,29.7,-13.9,-0.5,0.4810,1,-55.7,52.5,-39.0,-0.8,0.4761,1,-259.6,234.3,-23.0
2025-09-30T01:44,114448.31,-0.3,0.4817,1,-29.9,30.4,2.3,-0.5,0.4857,1,-57.0,53.8,-21.3,-0.9,0.4903,0,-267.4,241.3,-3.1
2025-09-30T01:59,114500.31,-0.3,0.4734,1,-28.6,29.0,-3.9,-0.5,0.4845,1,-54.6,51.4,-35.8,-0.8,0.4817,0,-257.5,232.4,4.3
2025-09-30T02:14,114408.59,-0.4,0.4815,1,-28.2,28.5,-1.8,-0.4,0.4890,1,-52.7,49.8,-24.7,-0.8,0.4945,0,-250.4,225.9,6.3
2025-09-30T02:29,114472.48,-0.3,0.4806,1,-27.3,27.7,-12.8,-0.4,0.4878,1,-51.3,48.4,-46.6,-0.8,0.4950,0,-245.2,221.2,-3.9
2025-09-30T02:44,114475.01,-0.3,0.4788,1,-25.6,25.8,-4.1,-0.4,0.4872,1,-48.0,45.2,-43.7,-0.7,0.4826,0,-230.5,208.0,-13.1
2025-09-30T02:59,114455.96,-0.3,0.4838,1,-25.2,25.5,-7.0,-0.4,0.4882,1,-47.6,44.7,-48.3,-0.7,0.4821,0,-229.7,207.3,-16.1
2025-09-30T03:14,114388.01,-0.3,0.4806,1,-24.1,24.3,-6.8,-0.4,0.4883,1,-45.5,42.8,-38.2,-0.7,0.4845,0,-220.7,199.2,4.0
2025-09-30T03:29,114326.07,-0.3,0.4800,1,-23.7,23.9,-12.3,-0.4,0.4886,1,-44.8,42.1,-35.5,-0.7,0.4881,0,-218.7,197.4,12.7
2025-09-30T03:44,114427.86,-0.3,0.4731,1,-23.5,23.8,-19.5,-0.4,0.4859,1,-44.6,41.9,-36.8,-0.7,0.4812,0,-219.0,197.6,-9.5
2025-09-30T03:59,114376.39,-0.3,0.4847,1,-22.9,23.1,-24.9,-0.4,0.4908,1,-43.5,40.9,-42.5,-0.7,0.4915,0,-215.0,194.0,-17.5
2025-09-30T04:14,114310.48,-0.3,0.4881,1,-22.3,22.5,-16.1,-0.4,0.4915,1,-42.4,39.9,-34.1,-0.7,0.4931,0,-211.1,190.5,2.3
2025-09-30T04:29,114185.32,-0.3,0.4924,0,-22.3,22.5,-21.5,-0.4,0.4918,1,-42.5,39.9,-20.4,-0.6,0.4935,0,-212.4,191.8,35.2
2025-09-30T04:44,114204.85,-0.3,0.4907,0,-22.4,22.6,-20.1,-0.4,0.4923,1,-42.8,40.3,-50.0,-0.6,0.4965,0,-215.4,194.5,30.3
2025-09-30T04:59,114091.63,-0.3,0.5030,0,-22.8,22.9,-16.5,-0.4,0.4957,0,-42.7,40.2,-34.5,-0.6,0.5052,0,-216.1,195.3,17.3
2025-09-30T05:14,114126.22,-0.4,0.4983,0,-23.3,23.5,-15.2,-0.4,0.4935,0,-43.8,41.2,-37.1,-0.6,0.4977,0,-222.8,201.4,42.0
2025-09-30T05:29,113939.97,-0.3,0.5052,0,-23.5,23.8,-1.7,-0.4,0.4997,0,-44.3,41.7,-32.0,-0.5,0.5087,0,-227.0,205.3,58.9
2025-09-30T05:44,113975.33,-0.3,0.5014,0,-23.2,23.5,2.8,-0.4,0.4983,0,-43.8,41.3,-45.7,-0.5,0.5077,0,-225.9,204.3,52.0
2025-09-30T05:59,113904,-0.3,0.5042,0,-23.6,23.9,-1.1,-0.4,0.4989,0,-45.1,42.5,-39.8,-0.5,0.5047,0,-231.4,209.3,58.3
2025-09-30T06:14,113952.4,-0.3,0.4990,0,-23.4,23.6,-2.7,-0.4,0.4956,0,-44.7,42.1,-64.3,-0.5,0.4978,0,-230.9,208.8,53.1
2025-09-30T06:29,113921.16,-0.3,0.5039,0,-22.9,23.1,2.8,-0.3,0.4924,1,-43.9,41.3,-58.7,-0.4,0.4982,0,-227.8,206.3,40.9
2025-09-30T06:44,114007.67,-0.3,0.4971,0,-23.0,23.3,-32.7,-0.4,0.4898,1,-44.3,41.7,-90.2,-0.4,0.4969,0,-231.2,209.4,44.2
2025-09-30T06:59,113891.64,-0.3,0.5085,0,-22.3,22.6,-16.9,-0.4,0.4950,0,-43.0,40.5,-97.9,-0.4,0.5031,0,-225.9,204.6,32.0
2025-09-30T07:14,113921.45,-0.3,0.4983,0,-21.4,21.7,-19.2,-0.4,0.4911,1,-41.4,38.9,-93.7,-0.3,0.4974,0,-218.6,198.0,38.4
2025-09-30T07:29,113952.52,-0.3,0.4881,0,-21.0,21.1,-33.1,-0.3,0.4909,1,-40.5,38.1,-98.3,-0.3,0.4987,0,-215.2,194.9,54.0
2025-09-30T07:44,113635.77,-0.3,0.4966,0,-22.4,22.6,-15.8,-0.4,0.4975,0,-43.0,40.3,-65.2,-0.4,0.5141,0,-227.2,205.7,79.0
2025-09-30T07:59,113699.23,-0.3,0.4936,0,-22.5,22.8,-21.8,-0.4,0.4937,0,-43.4,40.7,-68.5,-0.4,0.5075,0,-230.7,208.9,73.6
2025-09-30T08:14,113703.34,-0.3,0.4957,0,-22.3,22.5,-42.4,-0.4,0.4963,0,-43.0,40.3,-72.6,-0.4,0.5104,0,-230.1,208.4,76.6
2025-09-30T08:29,113575.85,-0.3,0.5018,0,-23.2,23.5,-28.4,-0.4,0.4981,0,-44.0,41.3,-57.3,-0.4,0.5132,0,-237.1,214.6,132.4
2025-09-30T08:44,113455.83,-0.3,0.5028,0,-22.4,22.6,-41.7,-0.4,0.4997,0,-42.9,40.3,-39.2,-0.4,0.5118,0,-229.0,207.3,190.3
2025-09-30T08:59,113451.89,-0.3,0.5004,0,-22.1,22.4,-59.2,-0.4,0.4995,0,-42.6,40.0,-35.0,-0.4,0.5087,0,-227.4,205.9,231.7
2025-09-30T09:14,113221.79,-0.3,0.5063,0,-23.4,23.7,-32.1,-0.4,0.5053,0,-44.6,41.9,-17.7,-0.5,0.5231,1,-236.4,213.8,263.1
2025-09-30T09:29,113254.29,-0.3,0.4996,0,-23.1,23.4,-36.8,-0.4,0.5016,0,-43.7,41.0,-14.9,-0.5,0.5148,0,-229.3,207.4,260.2
2025-09-30T09:44,112983.67,-0.2,0.5094,0,-25.2,25.7,-7.6,-0.4,0.5032,0,-47.4,44.6,22.3,-0.5,0.5251,1,-246.9,223.3,296.7
2025-09-30T09:59,112781.97,-0.2,0.5037,0,-26.2,26.7,12.5,-0.4,0.5073,0,-48.9,46.0,19.5,-0.6,0.5338,1,-252.3,228.2,316.8
2025-09-30T10:14,112858.71,-0.2,0.5023,0,-27.9,28.5,2.0,-0.4,0.5045,0,-51.7,48.7,16.1,-0.6,0.5249,1,-264.7,239.4,297.5
2025-09-30T10:29,112837.82,-0.2,0.5019,0,-29.5,30.2,7.9,-0.4,0.5040,0,-54.3,51.1,42.6,-0.6,0.5228,1,-275.2,248.9,297.1
2025-09-30T10:44,112897.77,-0.3,0.4924,0,-27.9,28.4,10.2,-0.4,0.4990,0,-51.8,48.8,55.7,-0.5,0.5118,0,-260.5,235.7,294.8
2025-09-30T10:59,112923.49,-0.2,0.4952,0,-27.5,28.0,11.6,-0.4,0.4970,0,-51.7,48.6,42.5,-0.4,0.5085,0,-257.2,232.9,293.0
2025-09-30T11:14,112881.09,-0.2,0.5039,0,-25.5,26.0,12.5,-0.4,0.4973,0,-48.6,45.7,22.6,-0.5,0.5060,0,-239.7,216.8,304.9
2025-09-30T11:29,112927.45,-0.2,0.4960,0,-24.5,25.0,14.0,-0.4,0.4952,0,-47.3,44.5,15.3,-0.5,0.4996,0,-231.2,209.1,296.3
2025-09-30T11:44,113012.51,-0.2,0.5017,0,-24.7,25.2,19.8,-0.4,0.4940,0,-47.7,44.9,18.6,-0.4,0.4979,0,-233.2,211.2,310.4
2025-09-30T11:59,113055.01,-0.3,0.4978,0,-24.5,24.9,-4.7,-0.4,0.4954,0,-47.3,44.5,47.7,-0.4,0.4985,0,-231.8,209.9,325.0
2025-09-30T12:14,113021.92,-0.2,0.5030,0,-24.7,25.1,1.6,-0.4,0.4956,0,-47.8,45.0,17.5,-0.5,0.4988,0,-234.6,212.2,317.6
2025-09-30T12:29,113085.52,-0.2,0.4969,0,-24.2,24.6,20.7,-0.4,0.4954,0,-46.9,44.2,-3.1,-0.5,0.4949,0,-230.5,208.5,308.9
2025-09-30T12:44,113236.46,-0.3,0.4990,0,-24.0,24.3,25.7,-0.4,0.4933,0,-46.6,43.8,-15.5,-0.5,0.4907,0,-228.9,207.1,280.1
2025-09-30T12:59,113002.06,-0.3,0.5110,0,-24.2,24.6,35.6,-0.4,0.5002,0,-47.1,44.4,9.2,-0.5,0.5075,0,-231.8,209.6,296.5
2025-09-30T13:14,113040.43,-0.2,0.5033,0,-25.4,25.9,8.4,-0.4,0.4993,0,-49.6,46.7,2.6,-0.5,0.5017,0,-244.6,221.2,304.4
2025-09-30T13:29,113319.99,-0.3,0.4926,0,-26.8,27.3,-19.4,-0.5,0.4950,0,-52.5,49.4,-22.8,-0.4,0.4978,0,-258.6,234.1,288.5
2025-09-30T13:44,113528.27,-0.1,0.5023,0,-27.1,27.8,-26.9,-0.4,0.5020,0,-52.7,49.7,-52.8,-0.5,0.5029,0,-257.6,233.1,259.6
2025-09-30T13:59,113404.53,-0.1,0.4984,0,-30.7,31.5,16.8,-0.0,0.4999,0,-58.3,55.8,-49.8,-0.5,0.5076,0,-287.6,260.4,295.6
2025-09-30T14:14,113135.93,-0.2,0.5001,0,-33.6,34.5,7.4,0.0,0.5060,0,-63.8,61.2,-0.2,-0.5,0.5176,1,-315.2,285.4,351.6
2025-09-30T14:29,113100.78,-0.2,0.5121,0,-34.1,35.0,-4.5,0.0,0.5113,1,-64.9,62.2,12.6,-0.6,0.5244,1,-320.8,290.4,350.6
2025-09-30T14:44,113223.17,-0.2,0.5090,0,-33.7,34.5,-14.3,0.0,0.5102,1,-64.3,61.6,6.1,-0.6,0.5170,1,-318.0,287.9,354.9
2025-09-30T14:59,113595.05,-0.1,0.5082,0,-33.3,34.3,-43.1,-0.0,0.5075,0,-64.5,61.7,-30.8,-0.5,0.5031,0,-316.1,286.2,320.3
2025-09-30T15:14,113219.51,-0.1,0.5287,1,-31.5,32.4,-13.3,0.0,0.5148,1,-61.1,58.6,25.9,-0.5,0.5215,1,-300.0,271.5,349.1
2025-09-30T15:29,113050.33,-0.1,0.5163,1,-31.1,32.0,1.0,0.0,0.5129,1,-60.4,57.8,36.7,-0.5,0.5245,1,-296.5,268.4,386.0
2025-09-30T15:44,113060.82,-0.1,0.5096,0,-32.0,32.8,-11.5,0.0,0.5147,1,-62.2,59.6,35.1,-0.5,0.5233,1,-305.7,276.7,384.5
2025-09-30T15:59,113106.16,-0.1,0.5093,0,-30.7,31.6,-23.4,0.0,0.5162,1,-58.6,56.2,53.6,-0.5,0.5202,1,-288.7,261.3,374.6
2025-09-30T16:14,113069.39,-0.1,0.5105,0,-29.0,29.9,5.7,0.0,0.5117,1,-55.6,53.2,70.4,-0.5,0.5179,1,-273.8,247.8,407.6
2025-09-30T16:29,113062.01,-0.1,0.5157,1,-29.4,30.3,16.0,-0.0,0.5157,1,-56.5,54.1,77.9,-0.5,0.5161,0,-278.5,252.1,415.8
2025-09-30T16:44,112930.64,-0.1,0.5200,1,-28.4,29.3,32.0,-0.0,0.5167,1,-55.2,52.9,112.9,-0.6,0.5175,1,-269.9,244.0,427.6
2025-09-30T16:59,112841.24,-0.0,0.5264,1,-27.5,28.4,35.8,0.0,0.5209,1,-53.7,51.4,133.7,-0.4,0.5237,1,-262.5,237.7,407.6
2025-09-30T17:14,113133.6,-0.1,0.5131,1,-29.4,30.2,33.5,-0.0,0.5104,1,-57.3,54.9,91.0,-0.5,0.5079,0,-280.6,254.0,361.6
2025-09-30T17:29,113243,-0.1,0.5242,1,-28.3,29.1,19.6,-0.0,0.5120,1,-55.4,53.0,100.5,-0.5,0.5085,0,-271.3,245.6,358.9
2025-09-30T17:44,113292.36,-0.1,0.5249,1,-29.6,30.4,14.7,-0.0,0.5096,1,-56.8,54.3,89.2,-0.6,0.5072,0,-278.6,251.9,334.7
2025-09-30T17:59,113246.11,-0.2,0.5214,1,-31.8,32.7,41.3,-0.0,0.5107,1,-59.9,57.3,121.1,-0.7,0.5095,0,-294.3,266.1,306.3
2025-09-30T18:14,113513.52,-0.1,0.5088,0,-32.1,33.2,31.2,0.1,0.5029,0,-59.5,57.1,76.6,-0.5,0.4947,0,-292.7,264.9,307.3
2025-09-30T18:29,113465.66,-0.1,0.5165,1,-32.0,33.1,42.2,0.1,0.5106,1,-59.5,57.1,72.6,-0.5,0.5039,0,-293.0,265.2,309.1
2025-09-30T18:44,113458.81,-0.1,0.5132,1,-31.0,31.9,66.2,0.0,0.5074,0,-57.5,55.2,80.2,-0.5,0.5026,0,-283.7,256.8,313.7
2025-09-30T18:59,113714.56,-0.0,0.5140,1,-30.7,31.8,56.6,0.0,0.5048,0,-56.2,53.9,39.2,-0.5,0.4920,0,-277.2,250.9,304.8
2025-09-30T19:14,113868.09,0.0,0.5143,1,-30.6,31.7,26.3,0.0,0.5021,0,-56.7,54.4,23.0,-0.5,0.4956,0,-277.2,250.8,305.3
2025-09-30T19:29,113945.66,-0.0,0.5092,0,-30.8,31.9,38.7,0.0,0.4995,0,-56.7,54.3,4.4,-0.5,0.4913,0,-274.6,248.5,304.7
2025-09-30T19:44,114212.51,-0.0,0.4992,0,-33.4,34.6,8.3,0.0,0.4953,0,-60.9,58.4,-25.3,-0.7,0.4872,0,-292.8,264.6,286.9
2025-09-30T19:59,114359.99,0.0,0.4937,0,-34.5,35.8,23.3,0.0,0.4926,0,-62.5,60.0,-36.8,-0.6,0.4876,0,-297.6,269.3,265.7
2025-09-30T20:14,114167.71,0.0,0.5003,0,-33.7,35.0,19.1,0.1,0.4975,0,-61.8,59.3,-28.7,-0.5,0.4956,0,-291.6,263.9,263.1
2025-09-30T20:29,114387.29,0.0,0.4906,0,-35.7,37.1,-8.3,0.1,0.4910,0,-64.8,62.2,-36.9,-0.7,0.4894,0,-303.4,274.3,259.4
2025-09-30T20:44,114307.51,0.0,0.4974,0,-33.5,34.8,5.7,0.1,0.4957,0,-61.7,59.2,-29.4,-0.6,0.4943,0,-286.1,258.8,265.0
2025-09-30T20:59,114626.36,-0.2,0.4844,1,-33.9,34.8,-40.7,-0.0,0.4836,1,-62.8,60.1,-50.5,-0.9,0.4878,0,-288.5,260.4,250.7
2025-09-30T21:14,114386.13,0.0,0.4975,0,-34.5,35.9,-22.4,0.0,0.4923,0,-65.1,62.4,-20.1,-0.7,0.4942,0,-296.5,268.1,275.3
2025-09-30T21:29,114292.18,0.0,0.4981,0,-33.5,34.8,-25.9,0.0,0.4966,0,-63.9,61.3,-23.7,-0.6,0.5002,0,-288.4,260.9,276.0
2025-09-30T21:44,114372.93,0.1,0.4926,0,-35.2,36.6,-39.4,0.0,0.4958,0,-68.0,65.2,-35.4,-0.7,0.5009,0,-304.2,275.0,258.3
2025-09-30T21:59,114161,0.0,0.5131,0,-34.6,35.9,-19.3,0.1,0.5064,0,-65.6,62.9,6.9,-0.6,0.5128,0,-293.5,265.6,293.0
2025-09-30T22:14,114130.31,0.0,0.5093,0,-34.2,35.5,-25.5,0.1,0.5078,0,-64.9,62.3,19.1,-0.6,0.5094,0,-291.0,263.3,319.4
2025-09-30T22:29,113995.99,0.0,0.5171,1,-33.5,34.8,-2.6,0.1,0.5079,0,-63.8,61.2,32.6,-0.6,0.5105,0,-286.2,259.0,328.3
2025-09-30T22:44,113923.59,0.0,0.5229,1,-32.2,33.5,4.2,-0.1,0.5103,1,-60.3,57.7,42.9,-0.5,0.5136,0,-270.4,244.7,322.1
2025-09-30T22:59,113940.39,0.0,0.5295,1,-31.5,32.7,9.5,-0.1,0.5110,1,-59.2,56.4,53.4,-0.5,0.5085,0,-265.1,239.9,328.5
2025-09-30T23:14,113839.99,0.0,0.5351,1,-30.1,31.2,27.7,-0.2,0.5142,1,-56.7,54.0,56.2,0.4,0.5129,0,-253.2,230.9,354.4
2025-09-30T23:29,113966.17,0.0,0.5217,1,-31.1,32.2,4.9,-0.1,0.5070,0,-58.6,55.9,40.4,-0.5,0.5044,0,-263.0,238.0,377.7
2025-09-30T23:44,113971.49,0.0,0.5237,1,-31.3,32.5,-0.2,0.1,0.5082,0,-58.9,56.6,30.9,0.5,0.5036,0,-264.7,241.4,373.6
2025-09-30T23:59,114048.93,0.0,0.5270,1,-30.8,32.0,16.7,0.1,0.5066,0,-58.2,55.9,19.6,-0.5,0.4994,0,-262.7,237.8,390.9
